{"skeleton":{"hash":"D/1VyM31jgDM5yq2yVOxfdSSJwI","spine":"2.1.27","width":783.81,"height":666.2},"bones":[{"name":"root"},{"name":"bone","parent":"root","length":207.91,"x":1.58,"y":60.73,"rotation":90.45},{"name":"bone12","parent":"bone","length":62.97,"x":360.12,"y":-73.42,"rotation":176.39},{"name":"bone13","parent":"bone","length":58.09,"x":352.6,"y":77.49,"rotation":-177.74},{"name":"bone14","parent":"bone","length":322.29,"x":265.23,"y":-89.11,"rotation":-2.7},{"name":"bone15","parent":"bone","length":372.95,"x":271.18,"y":52.98,"rotation":2.7},{"name":"bone2","parent":"bone","length":49.7,"x":247.05,"y":-64.79,"rotation":126.5},{"name":"bone3","parent":"bone","length":50.14,"x":243.3,"y":73.51,"rotation":129.04},{"name":"bone4","parent":"bone","length":90.51,"x":176.47,"y":-185.12,"rotation":-72.51},{"name":"bone5","parent":"bone","length":94.49,"x":181.43,"y":199.71,"rotation":71.7},{"name":"bone10","parent":"bone5","length":96.33,"x":107.64,"y":0.12,"rotation":-1.35},{"name":"bone11","parent":"bone5","length":71.32,"x":86.95,"y":10.73,"rotation":67.34},{"name":"bone6","parent":"bone4","length":73.16,"x":82.1,"y":18.13,"rotation":64.71},{"name":"bone7","parent":"bone4","length":91.73,"x":110.05,"y":4,"rotation":0.45},{"name":"bone8","parent":"bone4","length":69.14,"x":81.44,"y":-12.14,"rotation":-65.65},{"name":"bone9","parent":"bone5","length":69.97,"x":88.22,"y":-15.26,"rotation":-61.13}],"slots":[{"name":"Tail1","bone":"bone15","attachment":"Tail2"},{"name":"Shadow","bone":"bone","attachment":"Shadow"},{"name":"Tail2","bone":"bone14","attachment":"Tail2"},{"name":"Body","bone":"bone","attachment":"Body"},{"name":"Arm","bone":"bone4","attachment":"Arm"},{"name":"Eyes","bone":"bone","attachment":"Eyes"},{"name":"Eyelid","bone":"bone12","attachment":"Eyelid"},{"name":"Eyelid2","bone":"bone13","attachment":"Eyelid"},{"name":"Finger1","bone":"bone6","attachment":"Finger1"},{"name":"Finger2","bone":"bone7","attachment":"Finger2"},{"name":"Finger3","bone":"bone8","attachment":"Finger3"},{"name":"Mouth","bone":"bone","attachment":"Mouth"},{"name":"Pupil","bone":"bone2","attachment":"Pupil"},{"name":"Pupil2","bone":"bone3","attachment":"Pupil"},{"name":"Arm2","bone":"bone5","attachment":"Arm"},{"name":"Finger6","bone":"bone11","attachment":"Finger3"},{"name":"bone11","bone":"bone11","attachment":"FingerBox6"},{"name":"Finger5","bone":"bone10","attachment":"Finger2"},{"name":"Finger4","bone":"bone9","attachment":"Finger1"},{"name":"BodyBox","bone":"bone","attachment":"BodyBox"},{"name":"ArmRBox","bone":"bone4","attachment":"ArmRBox"},{"name":"ArmLBox","bone":"bone5","attachment":"ArmLBox"},{"name":"FingerBox4","bone":"bone9","attachment":"FingerBox4"},{"name":"FigerBox5","bone":"bone10","attachment":"FigerBox5"},{"name":"FingerBox1","bone":"bone6","attachment":"FingerBox1"},{"name":"FingerBox2","bone":"bone7","attachment":"FingerBox2"},{"name":"FingerBox3","bone":"bone8","attachment":"FingerBox3"},{"name":"TailBox","bone":"bone14","attachment":"TailBox2"},{"name":"TailBox3","bone":"bone15","attachment":"TailBox4"}],"skins":{"default":{"Arm":{"Arm":{"x":55.32,"y":-1.79,"rotation":-17.93,"width":122,"height":80}},"Arm2":{"Arm":{"x":51.97,"y":2.66,"scaleX":-1,"rotation":-162.15,"width":122,"height":80}},"ArmLBox":{"ArmLBox":{"type":"boundingbox","vertices":[61.42465,-11.78779,68.32785,-20.85194,80.57876,-24.87379,99.47739,-23.76669,111.58997,-11.89782,115.43839,2.95315,111.78751,17.38058,100.99438,27.18377,86.75522,32.2252,72.11371,27.17743,61.92297,17.58746,-6.54486,26.07795,-2.36734,-25.03032]}},"ArmRBox":{"ArmRBox":{"type":"boundingbox","vertices":[-0.76004,26.50047,-4.78161,-25.85125,64.57641,-17.27896,76.01697,-27.53946,91.98807,-29.85571,108.50381,-24.19171,118.3222,-10.24179,117.05606,8.5205,106.14697,21.43267,86.09424,27.51741,71.78271,22.36322,66.34097,13.11373]}},"Body":{"Body":{"x":131.26,"y":0.54,"rotation":-90.45,"width":480,"height":356}},"BodyBox":{"BodyBox":{"type":"boundingbox","vertices":[48.15313,185.17297,18.15446,202.62936,17.68453,221.0836,1.84006,239.65872,-21.50503,242.91731,-33.86749,235.01929,-39.76104,267.6616,-48.88905,280.03375,-56.96118,270.25693,-57.27061,230.89812,-50.72821,202.55585,-44.64609,193.89777,-37.59994,151.40611,-45.42935,94.27089,-49.60757,32.18687,-50.00403,-18.24154,-48.58939,-72.98933,-42.2259,-124.08591,-36.30334,-153.03836,-43.41139,-196.6488,-50.28256,-210.1252,-55.41997,-237.76062,-55.6327,-264.81982,-48.93561,-273.48273,-37.76442,-260.65518,-33.25166,-234.24483,-17.91097,-238.67056,6.08778,-237.0142,17.34116,-213.73193,18.06734,-199.59222,49.59575,-178.92947,94.89159,-206.34637,88.02528,-219.20778,94.67401,-234.0205,107.57895,-235.352,115.03607,-225.57034,116.98256,-212.67026,163.72592,-212.42271,208.1254,-197.3963,226.69086,-182.78185,235.26193,-187.76933,233.94495,-198.82935,245.51839,-213.06577,265.8514,-208.30548,270.8873,-193.5846,266.09317,-177.55644,251.35782,-174.36552,245.89066,-165.71222,255.19754,-155.33011,284.7698,-148.79736,314.42908,-131.195,336.2097,-98.77029,340.7998,-62.52026,334.25745,-34.17797,309.89038,-4.46549,309.39148,10.29886,325.5645,33.54245,333.8107,65.45857,329.17612,101.78114,312.77472,127.74088,288.31088,145.1537,263.14502,151.50172,246.69522,171.3117,252.91754,180.48804,268.3211,184.05705,274.60144,200.6132,266.12228,217.28535,247.67288,217.4304,236.50168,204.60278,235.8045,194.153,227.1464,188.07088,188.5863,211.74472,139.44104,218.89632,117.27274,215.38046,122.88974,225.79166,114.39606,240.61887,100.2225,237.0402,92.76535,227.25851,98.17932,211.84052]}},"Eyelid":{"Eyelid":{"x":56.8,"y":6.03,"rotation":93.15,"width":156,"height":72}},"Eyelid2":{"Eyelid":{"x":52.25,"y":-0.54,"scaleX":-1,"rotation":87.29,"width":156,"height":72}},"Eyes":{"Eyes":{"x":255.26,"y":-0.42,"rotation":-90.45,"width":306,"height":168}},"FigerBox5":{"FigerBox5":{"type":"boundingbox","vertices":[-5.62469,-9.00738,45.32391,-21.43878,79.87469,-19.40185,95.36365,-13.81424,101.67441,-4.36955,99.6972,3.56124,90.44278,8.7629,52.71948,-5.54397,28.30899,-0.13322,-3.06036,5.00975]}},"Finger1":{"Finger1":{"x":36.69,"y":2.78,"rotation":-82.64,"width":52,"height":88}},"Finger2":{"Finger2":{"x":48.61,"y":2.18,"rotation":-18.38,"width":104,"height":52}},"Finger3":{"Finger3":{"x":35.52,"y":1.69,"rotation":47.72,"width":68,"height":70}},"Finger4":{"Finger1":{"x":35.48,"y":-4.94,"scaleX":-1,"rotation":-101.01,"width":52,"height":88}},"Finger5":{"Finger2":{"x":47.77,"y":-4.87,"scaleX":-1,"rotation":-160.79,"width":104,"height":52}},"Finger6":{"Finger3":{"x":36.39,"y":0.56,"scaleX":-1,"rotation":130.5,"width":68,"height":70}},"FingerBox1":{"FingerBox1":{"type":"boundingbox","vertices":[1.12084,-9.11613,31.30377,3.82138,60.89862,-18.31446,72.07812,-19.62501,80.3634,-10.69175,78.70456,5.21669,38.75369,28.37614,31.59182,29.02528,-7.68743,4.29724]}},"FingerBox2":{"FingerBox2":{"type":"boundingbox","vertices":[-2.2261,-9.4286,55.23349,2.71257,91.38184,-10.94233,101.36639,-5.62965,101.85114,3.25047,95.67529,13.11087,68.90841,17.89509,43.0094,17.87031,-5.07693,5.4914]}},"FingerBox3":{"FingerBox3":{"type":"boundingbox","vertices":[-12.1578,0.10589,25.94118,-28.73138,45.27956,-23.11645,74.64139,-7.63562,77.31791,-0.05255,71.36178,14.85138,60.73493,17.65911,26.67618,-3.56802,0.51587,12.307]}},"FingerBox4":{"FingerBox4":{"type":"boundingbox","vertices":[-9.42376,-3.3769,27.55914,-28.73335,38.61999,-29.5668,78.80493,-9.66484,79.25,2.79173,73.98749,13.05888,65.58655,15.68504,30.56042,-6.54185,2.52383,8.82029]}},"Mouth":{"Mouth":{"x":95.77,"y":4.69,"rotation":-90.45,"width":339,"height":156}},"Pupil":{"Pupil":{"x":44.28,"y":-0.65,"rotation":143.04,"width":16,"height":16}},"Pupil2":{"Pupil":{"x":48.78,"y":-0.1,"rotation":140.5,"width":16,"height":16}},"Shadow":{"Shadow":{"x":-10.72,"y":1.66,"rotation":-90.45,"width":577,"height":176}},"Tail1":{"Tail1":{"x":190.19,"y":24.38,"rotation":-93.15,"width":178,"height":386},"Tail2":{"x":164.52,"y":-22.97,"scaleX":-1,"rotation":-93.15,"width":276,"height":262}},"Tail2":{"Tail1":{"x":141.98,"y":-17.64,"scaleX":-1,"rotation":-87.74,"width":178,"height":386},"Tail2":{"x":128.72,"y":28.9,"rotation":-87.74,"width":276,"height":262}},"TailBox":{"TailBox":{"type":"boundingbox","vertices":[-45.07629,26.16981,-51.64544,-31.54093,-26.53341,-23.92414,2.49554,-31.62131,71.24402,-94.1039,109.44519,-110.27914,151.14783,-103.11481,183.28777,-77.54403,205.92693,-7.04786,235.12302,37.18962,259.88797,53.63152,283.48788,43.51112,295.4304,20.7789,287.34286,1.67833,302.68155,-23.13002,336.48868,-11.85676,334.04056,22.29738,316.08658,29.32525,284.52286,73.38289,255.58066,78.87373,218.63766,63.05774,190.5881,17.76049,167.64532,-45.01357,157.22122,-60.89153,150.31503,-65.8051,141.55475,-72.03782,129.27704,-80.77308,113.91971,-83.5867,83.57074,-70.4172,55.92376,-41.67347,26.6965,-0.83853,-14.05801,24.07514]},"TailBox2":{"type":"boundingbox","vertices":[14.66043,-32.90341,43.0126,-65.38127,74.19131,-93.23547,97.77072,-106.34702,119.01306,-111.02679,144.26865,-103.01413,154.7702,-89.56506,161.57065,-71.24768,155.80505,-39.3857,126.63724,1.08229,97.58755,38.54657,86.07059,63.66436,83.04437,89.61745,90.06973,114.9631,104.43835,132.07394,124.5697,142.8934,148.01974,145.82123,174.86722,138.8549,199.20328,119.25515,217.80753,92.41055,231.2595,56.33836,236.68192,20.45178,234.33926,-9.22218,224.98514,-13.60115,218.39005,-24.38964,220.56123,-41.3514,235.01157,-51.8136,249.02872,-51.26233,261.70993,-42.24002,261.92355,-22.17614,250.41794,-10.09397,250.67097,8.96866,249.05653,50.01888,240.66985,84.78612,220.01236,125.58881,189.37367,152.46149,150.67746,167.4854,113.75024,163.02473,76.90469,130.99109,62.56701,100.34402,62.38431,66.74391,78.39834,29.26832,114.36948,-18.45288,131.16821,-50.38235,133.99756,-71.32931,122.27817,-79.31102,104.15771,-77.51675,70.67282,-54.7671,36.03765,-15.51691,18.15896,18.37562,-1.54766,-15.9923]}},"TailBox3":{"TailBox3":{"type":"boundingbox","vertices":[15.69888,-15.66954,40.54138,-11.01693,65.76547,9.67094,97.12601,41.56123,122.90121,72.25392,155.1011,92.05576,180.69608,92.15107,202.51797,78.40498,220.57108,41.78559,235.20938,-2.17205,258.5447,-43.0965,293.21176,-69.5924,323.25375,-70.74556,344.4208,-50.83775,361.58167,-21.67754,370.69623,-20.17261,384.08408,-4.85383,379.65616,14.95871,362.56107,23.42684,345.16708,17.36038,337.22675,0.73799,344.40396,-14.71014,332.5486,-38.64329,315.85196,-50.26747,295.84232,-49.1652,271.4874,-26.74966,251.20863,15.00988,236.04259,58.4949,220.8256,91.94748,191.8583,112.61007,152.78433,113.75904,118.33127,98.59715,73.96866,58.39142,44.71515,37.42376,21.45599,34.18923,-2.33511,39.51389,2.83041,-12.45188]},"TailBox4":{"type":"boundingbox","vertices":[35.85699,22.35717,54.02035,-12.26121,72.9024,20.81824,95.03815,49.20263,129.70749,77.39834,155.35333,87.52602,170.97522,79.64084,173.23267,65.96896,156.93445,34.25248,136.90994,7.75881,106.94409,-35.24699,96.62125,-67.79445,97.16171,-94.41743,108.40009,-118.11747,128.53262,-144.31447,156.21964,-160.89243,176.67444,-163.02277,210.37924,-152.33548,241.94109,-135.00728,271.93454,-91.50121,285.475,-46.0853,287.67538,2.96588,287.3087,14.52653,298.47513,25.95362,299.1047,46.49107,284.6486,57.3226,266.97488,55.28563,254.44968,37.41054,259.9608,19.04359,271.24588,14.40788,272.48367,-17.77287,268.91196,-46.17641,257.53354,-79.6692,240.03767,-105.80041,216.1766,-129.07214,194.53268,-139.42032,166.38138,-140.37833,143.4212,-129.07831,127.96039,-109.1598,117.55713,-88.51634,119.88034,-64.55989,130.37274,-38.0429,147.73074,-14.41292,186.11374,35.65561,197.96494,68.62061,193.89523,94.93627,175.35028,113.51945,150.42093,116.398,130.66351,112.97056,101.38242,91.50266,67.04794,60.27794]}},"bone11":{"FingerBox6":{"type":"boundingbox","vertices":[29.24815,6.7306,60.06899,-14.6145,68.89497,-15.47111,75.16099,-9.81987,77.50934,3.5779,72.89828,10.73221,33.46789,29.52121,25.85164,29.31231,-10.98919,2.9454,2.46559,-8.94762]}}}},"animations":{"animation":{"slots":{"Tail1":{"attachment":[{"time":0.1666,"name":"Tail2"},{"time":0.3333,"name":"Tail1"},{"time":1.0666,"name":"Tail2"},{"time":1.8333,"name":"Tail1"}]},"Tail2":{"attachment":[{"time":0.5,"name":"Tail2"},{"time":0.8333,"name":"Tail1"},{"time":1.2666,"name":"Tail2"},{"time":1.4666,"name":"Tail1"}]},"TailBox":{"attachment":[{"time":0.8333,"name":"TailBox"},{"time":1.2666,"name":"TailBox2"},{"time":1.4666,"name":"TailBox"}]},"TailBox3":{"attachment":[{"time":0.3333,"name":"TailBox3"},{"time":1.0666,"name":"TailBox4"},{"time":1.8333,"name":"TailBox3"}]}},"bones":{"bone":{"rotate":[{"time":0,"angle":0,"curve":"stepped"},{"time":2,"angle":0}],"translate":[{"time":0,"x":0,"y":0,"curve":"stepped"},{"time":2,"x":0,"y":0}],"scale":[{"time":0,"x":1,"y":1,"curve":"stepped"},{"time":2,"x":1,"y":1}]},"bone12":{"rotate":[{"time":0,"angle":0,"curve":"stepped"},{"time":0.7333,"angle":0,"curve":"stepped"},{"time":1.1333,"angle":0,"curve":"stepped"},{"time":2,"angle":0}],"translate":[{"time":0,"x":0,"y":0,"curve":"stepped"},{"time":0.7333,"x":0,"y":0},{"time":0.9333,"x":19.75,"y":0},{"time":1.1333,"x":0,"y":0,"curve":"stepped"},{"time":2,"x":0,"y":0}],"scale":[{"time":0,"x":1,"y":1,"curve":"stepped"},{"time":0.7333,"x":1,"y":1,"curve":"stepped"},{"time":1.1333,"x":1,"y":1,"curve":"stepped"},{"time":2,"x":1,"y":1}]},"bone13":{"rotate":[{"time":0,"angle":0,"curve":"stepped"},{"time":0.7333,"angle":0,"curve":"stepped"},{"time":2,"angle":0}],"translate":[{"time":0,"x":0,"y":0},{"time":0.4666,"x":19.76,"y":0},{"time":0.7333,"x":0,"y":0,"curve":"stepped"},{"time":2,"x":0,"y":0}],"scale":[{"time":0,"x":1,"y":1,"curve":"stepped"},{"time":0.7333,"x":1,"y":1,"curve":"stepped"},{"time":2,"x":1,"y":1}]},"bone14":{"rotate":[{"time":0,"angle":0,"curve":"stepped"},{"time":2,"angle":0}],"translate":[{"time":0,"x":0,"y":0,"curve":"stepped"},{"time":2,"x":0,"y":0}],"scale":[{"time":0,"x":1,"y":1,"curve":"stepped"},{"time":2,"x":1,"y":1}]},"bone15":{"rotate":[{"time":0,"angle":0,"curve":"stepped"},{"time":2,"angle":0}],"translate":[{"time":0,"x":0,"y":0,"curve":"stepped"},{"time":2,"x":0,"y":0}],"scale":[{"time":0,"x":1,"y":1,"curve":"stepped"},{"time":2,"x":1,"y":1}]},"bone2":{"rotate":[{"time":0,"angle":0,"curve":"stepped"},{"time":2,"angle":0}],"translate":[{"time":0,"x":0,"y":0},{"time":0.3333,"x":48.72,"y":-43.04},{"time":0.6666,"x":9.94,"y":-91.8},{"time":1,"x":16.75,"y":-38.9,"curve":"stepped"},{"time":1.7666,"x":16.75,"y":-38.9},{"time":2,"x":0,"y":0}],"scale":[{"time":0,"x":1,"y":1,"curve":"stepped"},{"time":2,"x":1,"y":1}]},"bone3":{"rotate":[{"time":0,"angle":0,"curve":"stepped"},{"time":2,"angle":0}],"translate":[{"time":0,"x":0,"y":0},{"time":0.3333,"x":53,"y":-40.94},{"time":0.6666,"x":14.27,"y":-83.3},{"time":1,"x":19.85,"y":-38.93,"curve":"stepped"},{"time":1.7666,"x":19.85,"y":-38.93},{"time":2,"x":0,"y":0}],"scale":[{"time":0,"x":1,"y":1,"curve":"stepped"},{"time":2,"x":1,"y":1}]},"bone4":{"rotate":[{"time":0,"angle":0,"curve":"stepped"},{"time":2,"angle":0}],"translate":[{"time":0,"x":0,"y":0,"curve":"stepped"},{"time":2,"x":0,"y":0}],"scale":[{"time":0,"x":1,"y":1,"curve":"stepped"},{"time":2,"x":1,"y":1}]},"bone5":{"rotate":[{"time":0,"angle":0,"curve":"stepped"},{"time":2,"angle":0}],"translate":[{"time":0,"x":0,"y":0,"curve":"stepped"},{"time":2,"x":0,"y":0}],"scale":[{"time":0,"x":1,"y":1,"curve":"stepped"},{"time":2,"x":1,"y":1}]},"bone10":{"rotate":[{"time":0,"angle":0},{"time":0.4,"angle":9.31},{"time":0.8,"angle":0},{"time":1.2333,"angle":-13.29},{"time":1.5666,"angle":0},{"time":1.7,"angle":9.31},{"time":2,"angle":0}],"translate":[{"time":0,"x":0,"y":0,"curve":"stepped"},{"time":0.8,"x":0,"y":0,"curve":"stepped"},{"time":1.5666,"x":0,"y":0,"curve":"stepped"},{"time":2,"x":0,"y":0}],"scale":[{"time":0,"x":1,"y":1,"curve":"stepped"},{"time":0.8,"x":1,"y":1,"curve":"stepped"},{"time":1.5666,"x":1,"y":1,"curve":"stepped"},{"time":2,"x":1,"y":1}]},"bone11":{"rotate":[{"time":0,"angle":0},{"time":0.4,"angle":-12.67},{"time":0.8,"angle":0},{"time":1.2333,"angle":17.83},{"time":1.5666,"angle":0},{"time":1.7,"angle":-12.67},{"time":2,"angle":0}],"translate":[{"time":0,"x":0,"y":0,"curve":"stepped"},{"time":0.8,"x":0,"y":0,"curve":"stepped"},{"time":1.5666,"x":0,"y":0,"curve":"stepped"},{"time":2,"x":0,"y":0}],"scale":[{"time":0,"x":1,"y":1,"curve":"stepped"},{"time":0.8,"x":1,"y":1,"curve":"stepped"},{"time":1.5666,"x":1,"y":1,"curve":"stepped"},{"time":2,"x":1,"y":1}]},"bone6":{"rotate":[{"time":0,"angle":0},{"time":0.4,"angle":-18.42},{"time":0.8,"angle":0},{"time":1.2333,"angle":9.09},{"time":1.5666,"angle":0},{"time":1.7,"angle":-18.42},{"time":2,"angle":0}],"translate":[{"time":0,"x":0,"y":0,"curve":"stepped"},{"time":0.8,"x":0,"y":0,"curve":"stepped"},{"time":1.5666,"x":0,"y":0,"curve":"stepped"},{"time":2,"x":0,"y":0}],"scale":[{"time":0,"x":1,"y":1,"curve":"stepped"},{"time":0.8,"x":1,"y":1,"curve":"stepped"},{"time":1.5666,"x":1,"y":1,"curve":"stepped"},{"time":2,"x":1,"y":1}]},"bone7":{"rotate":[{"time":0,"angle":0},{"time":0.4,"angle":-7.92},{"time":0.8,"angle":0},{"time":1.2333,"angle":20.37},{"time":1.5666,"angle":0},{"time":1.7,"angle":-7.92},{"time":2,"angle":0}],"translate":[{"time":0,"x":0,"y":0,"curve":"stepped"},{"time":0.8,"x":0,"y":0,"curve":"stepped"},{"time":1.5666,"x":0,"y":0,"curve":"stepped"},{"time":2,"x":0,"y":0}],"scale":[{"time":0,"x":1,"y":1,"curve":"stepped"},{"time":0.8,"x":1,"y":1,"curve":"stepped"},{"time":1.5666,"x":1,"y":1,"curve":"stepped"},{"time":2,"x":1,"y":1}]},"bone8":{"rotate":[{"time":0,"angle":0},{"time":0.4,"angle":26.54},{"time":0.8,"angle":0},{"time":1.2333,"angle":-18.41},{"time":1.5666,"angle":0},{"time":1.7,"angle":26.54},{"time":2,"angle":0}],"translate":[{"time":0,"x":0,"y":0,"curve":"stepped"},{"time":0.8,"x":0,"y":0,"curve":"stepped"},{"time":1.5666,"x":0,"y":0,"curve":"stepped"},{"time":2,"x":0,"y":0}],"scale":[{"time":0,"x":1,"y":1,"curve":"stepped"},{"time":0.8,"x":1,"y":1,"curve":"stepped"},{"time":1.5666,"x":1,"y":1,"curve":"stepped"},{"time":2,"x":1,"y":1}]},"bone9":{"rotate":[{"time":0,"angle":0},{"time":0.4,"angle":9.55},{"time":0.8,"angle":0},{"time":1.2333,"angle":-16.16},{"time":1.5666,"angle":0},{"time":1.7,"angle":9.55},{"time":2,"angle":0}],"translate":[{"time":0,"x":0,"y":0,"curve":"stepped"},{"time":0.8,"x":0,"y":0,"curve":"stepped"},{"time":1.5666,"x":0,"y":0,"curve":"stepped"},{"time":2,"x":0,"y":0}],"scale":[{"time":0,"x":1,"y":1,"curve":"stepped"},{"time":0.8,"x":1,"y":1,"curve":"stepped"},{"time":1.5666,"x":1,"y":1,"curve":"stepped"},{"time":2,"x":1,"y":1}]}}}}}