{"skeleton":{"hash":"PjTgm9tHuQMhY07pMYCfXmz5SRY","spine":"2.1.27","width":744.05,"height":1021.1},"bones":[{"name":"root"},{"name":"bone","parent":"root","length":66.59,"x":3.86,"y":79.76,"rotation":-90.9},{"name":"bone2","parent":"root","length":439.69,"x":1.09,"y":548.57,"rotation":-90.45},{"name":"bone3","parent":"bone2","length":275.61,"x":40.56,"y":140.39,"rotation":40.6},{"name":"bone4","parent":"bone2","length":269.18,"x":45.44,"y":-141.13,"rotation":-41.15},{"name":"bone5","parent":"bone2","length":266.3,"x":23.11,"y":62.58,"rotation":-180},{"name":"bone6","parent":"bone5","length":267.69,"x":227.54,"y":-9.39,"rotation":90},{"name":"bone7","parent":"bone6","length":51.33,"x":-13.26,"y":-80.54,"rotation":-88.19},{"name":"bone8","parent":"bone7","length":69.09,"x":24.75,"y":-8.91,"rotation":-11.56},{"name":"bone9","parent":"bone8","length":35.36,"x":82.26,"y":4.91,"rotation":21.48},{"name":"bone10","parent":"bone9","length":75.35,"x":10.88,"y":-9.24,"rotation":-17.48}],"slots":[{"name":"Arm2","bone":"bone4","attachment":"Arm"},{"name":"Arm","bone":"bone3","attachment":"Arm"},{"name":"Neck","bone":"bone5","attachment":"Neck"},{"name":"Body","bone":"bone2","attachment":"Body"},{"name":"Base","bone":"bone","attachment":"Base"},{"name":"Antenna","bone":"bone8","attachment":"Antenna"},{"name":"Antenna2","bone":"bone10","attachment":"Antenna"},{"name":"Antenna_base","bone":"bone7","attachment":"Antenna_base"},{"name":"Antenna_circle","bone":"bone9","attachment":"Antenna_circle"},{"name":"Head","bone":"bone6","attachment":"Head"},{"name":"Eye","bone":"bone6","attachment":"Eye"},{"name":"Eye2","bone":"bone6","attachment":"Eye"},{"name":"Eye3","bone":"bone6","attachment":"Eye"},{"name":"Symbol_off","bone":"bone2","attachment":"Symbol_off"},{"name":"Symbol_on","bone":"bone2","color":"ffffff00","attachment":"Symbol_on"},{"name":"Light_off","bone":"bone2","attachment":"Light_off"},{"name":"Light_off2","bone":"bone2","attachment":"Light_off"},{"name":"Light_off3","bone":"bone2","attachment":"Light_off"},{"name":"Light_on","bone":"bone2","color":"ffffff00","attachment":"Light_on"},{"name":"Light_on2","bone":"bone2","color":"ffffff00","attachment":"Light_on"},{"name":"Light_on3","bone":"bone2","color":"ffffff00","attachment":"Light_on"},{"name":"BaseBox","bone":"bone","attachment":"BaseBox"},{"name":"BodyBox","bone":"bone2","attachment":"BodyBox"},{"name":"ArmRBox","bone":"bone3","attachment":"ArmRBox"},{"name":"ArmLBox","bone":"bone4","attachment":"ArmLBox"},{"name":"NeckBox","bone":"bone5","attachment":"NeckBox"},{"name":"HeadBox","bone":"bone6","attachment":"HeadBox"},{"name":"AntennaBaseBox","bone":"bone7","attachment":"AntennaBaseBox"},{"name":"AntennaBox","bone":"bone8","attachment":"AntennaBox"},{"name":"CircleBox","bone":"bone9","attachment":"CircleBox"},{"name":"Antenna2Box","bone":"bone10","attachment":"Antenna2Box"}],"skins":{"default":{"Antenna":{"Antenna":{"x":38.8,"y":-0.34,"rotation":-79.78,"width":24,"height":82}},"Antenna2":{"Antenna":{"x":29.8,"y":1.66,"rotation":-83.79,"width":24,"height":82}},"Antenna2Box":{"Antenna2Box":{"type":"boundingbox","vertices":[65.2301,6.09318,-9.24816,6.67496,-10.66931,3.82524,-10.58062,-0.71141,-7.35668,-4.4661,67.06225,-5.92923,69.2832,-3.03308,68.72717,2.09687]}},"AntennaBaseBox":{"AntennaBaseBox":{"type":"boundingbox","vertices":[13.9035,22.44395,4.00219,-34.57501,12.36975,-34.77562,21.39581,-32.29123,29.95068,-26.93272,34.97235,-20.24717,38.08813,-11.94947,38.08618,-0.76824,34.76129,9.2503,28.1828,16.48403,20.88537,20.76416]}},"AntennaBox":{"AntennaBox":{"type":"boundingbox","vertices":[-1.25183,2.42616,-1.98193,-2.4457,-0.41052,-7.42627,2.604,-9.14025,76.44299,-5.44504,78.67614,-2.60546,77.28467,3.44377,74.45508,6.18665]}},"Antenna_base":{"Antenna_base":{"x":22.35,"y":-6.06,"rotation":-91.35,"width":60,"height":36}},"Antenna_circle":{"Antenna_circle":{"x":-1.37,"y":-3.28,"rotation":-101.27,"width":32,"height":32}},"Arm":{"Arm":{"x":158.07,"y":9.01,"rotation":49.84,"width":248,"height":284}},"Arm2":{"Arm":{"x":154.01,"y":-4.54,"scaleX":-1,"rotation":131.6,"width":248,"height":284}},"ArmLBox":{"ArmLBox":{"type":"boundingbox","vertices":[59.02051,-108.49908,83.47401,-123.35425,107.12682,-131.39105,132.91927,-131.624,152.53575,-127.71411,173.54248,-116.66547,245.5214,-52.35064,252.9529,-54.68707,266.37677,-55.72513,280.74722,-52.7976,297.14795,-43.60327,307.50354,-32.62841,315.83588,-19.87664,319.56577,-4.95733,319.221,13.04437,312.7431,27.39019,301.82806,42.71069,286.83136,53.06982,269.86066,58.10516,253.02362,57.45422,239.2901,53.30572,226.08083,46.05017,215.39095,33.43914,208.91647,20.10327,205.4646,5.8771,205.7566,-9.04574,138.35901,-67.95581,125.76202,-72.88196,111.20163,-71.06628,96.14857,-61.65014,12.79763,32.28558,-31.6438,-6.70159]}},"ArmRBox":{"ArmRBox":{"type":"boundingbox","vertices":[-28.45697,6.02276,17.24557,-31.75418,97.81093,64.1745,111.02936,73.70782,127.00642,76.13836,138.86516,73.6893,209.93121,14.10781,210.54564,-5.9067,216.47646,-22.45071,230.65698,-39.59137,246.6833,-47.94513,263.56006,-51.04846,280.50287,-49.83087,295.45657,-42.95575,312.09625,-27.95453,320.91473,-12.32037,323.82196,4.32403,320.9416,23.06799,310.97327,41.4281,294.24332,55.54809,275.55878,62.16656,259.95255,63.00396,247.78062,58.95337,177.9275,119.50061,159.34518,130.01154,137.23283,136.34003,115.66438,136.2414,94.33464,130.7688,75.66961,121.85355,60.45381,110.42511]}},"Base":{"Base":{"x":32.82,"y":-3.35,"rotation":90.9,"width":554,"height":90}},"BaseBox":{"BaseBox":{"type":"boundingbox","vertices":[83.38653,-247.5858,75.17035,245.38414,60.31686,265.83896,34.46705,274.38248,13.81259,272.38452,-5.61113,263.13763,-13.72599,245.68054,-7.28212,-241.16716,-1.92181,-262.32846,15.04586,-274.92343,34.119,-279.0997,54.77347,-277.10168,70.28467,-267.9157]}},"Body":{"Body":{"x":262.57,"y":0.87,"rotation":90.45,"width":334,"height":550}},"BodyBox":{"BodyBox":{"type":"boundingbox","vertices":[538.7363,-162.52362,535.23663,169.3274,5.73956,165.24155,-10.00964,153.56747,-12.88708,137.70952,-10.41717,-135.34335,-5.13409,-154.99239,9.64971,-167.27985]}},"CircleBox":{"CircleBox":{"type":"boundingbox","vertices":[12.61688,-2.7102,10.9768,3.36923,7.11688,7.93447,2.28436,10.49142,-3.57562,11.37735,-8.61962,10.01977,-12.51825,7.04632,-15.138,3.93963,-16.8869,-1.74789,-16.40008,-7.27047,-14.67376,-11.89865,-10.70404,-15.71078,-5.3695,-18.00097,-0.86663,-18.33004,4.13024,-16.79989,8.36602,-13.77151,11.83294,-8.67221]}},"Eye":{"Eye":{"x":74.59,"y":1.01,"rotation":-179.54,"width":90,"height":90}},"Eye2":{"Eye":{"x":184.8,"y":-26.15,"scaleX":0.8,"scaleY":0.8,"rotation":-179.54,"width":90,"height":90}},"Eye3":{"Eye":{"x":-35.18,"y":-27.8,"scaleX":0.8,"scaleY":0.8,"rotation":-179.54,"width":90,"height":90}},"Head":{"Head":{"x":74.52,"y":11.01,"rotation":-179.54,"width":436,"height":238}},"HeadBox":{"HeadBox":{"type":"boundingbox","vertices":[40.74656,127.78278,0.71266,123.20428,-33.06247,114.00439,-66.8056,100.52576,-97.02457,83.9613,-119.44922,65.51007,-136.38148,40.87579,-143.21162,17.8731,-141.89052,-2.73461,-133.56174,-24.06793,-114.70993,-48.04565,-92.40663,-65.38434,-65.46165,-79.18719,-33.86629,-90.62128,-4.24201,-98.56897,25.35605,-103.01569,53.77261,-105.52631,95.39445,-105.21503,126.4903,-101.87042,161.83887,-94.9928,196.38329,-84.6203,226.23653,-71.17065,250.24039,-55.8197,273.80292,-33.46991,289.17047,-7.68023,291.6956,18.79138,285.68622,42.08709,272.6983,62.2185,247.64012,83.81573,222.23654,99.57526,188.68169,112.9397,155.93967,121.64203,115.82144,128.34418,73.79316,130.36395]}},"Light_off":{"Light_off":{"x":332.57,"y":1.39,"rotation":90.45,"width":256,"height":22}},"Light_off2":{"Light_off":{"x":377.56,"y":1.73,"rotation":90.45,"width":256,"height":22}},"Light_off3":{"Light_off":{"x":424.56,"y":2.08,"rotation":90.45,"width":256,"height":22}},"Light_on":{"Light_on":{"x":332.57,"y":1.39,"rotation":90.45,"width":350,"height":100}},"Light_on2":{"Light_on":{"x":377.56,"y":1.73,"rotation":90.45,"width":350,"height":100}},"Light_on3":{"Light_on":{"x":424.56,"y":2.08,"rotation":90.45,"width":350,"height":100}},"Neck":{"Neck":{"x":111.09,"y":-11.66,"rotation":-89.54,"width":102,"height":306}},"NeckBox":{"NeckBox":{"type":"boundingbox","vertices":[-3.39074,32.78994,-36.46524,37.26268,-41.65139,20.70346,-39.72702,0.06733,-29.48556,-28.17685,-12.21722,-49.28828,12.07794,-63.26696,201.4668,-62.44066,226.77435,-53.99118,243.7691,-38.5237,257.7478,-14.22853,263.49768,5.87499,261.5556,28.87111,257.3463,39.45992,221.97823,35.0653,223.8673,19.14902,216.9154,1.98657,206.974,-9.88806,189.91724,-17.09585,34.7564,-18.84619,15.82843,-12.49756,3.9317,0.39382,-2.68164,16.86478]}},"Symbol_off":{"Symbol_off":{"x":162.57,"y":0.12,"rotation":90.45,"width":208,"height":250}},"Symbol_on":{"Symbol_on":{"x":162.57,"y":0.12,"rotation":90.45,"width":300,"height":320}}}},"animations":{"animation":{"slots":{"Light_on":{"color":[{"time":0.5,"color":"ffffffff","curve":"stepped"},{"time":0.9666,"color":"ffffffff","curve":"stepped"},{"time":1.3333,"color":"ffffffff"},{"time":1.4666,"color":"ffffff00"}]},"Light_on2":{"color":[{"time":0.3333,"color":"ffffffff","curve":"stepped"},{"time":0.9666,"color":"ffffffff","curve":"stepped"},{"time":1.3333,"color":"ffffffff"},{"time":1.5666,"color":"ffffff00"}]},"Light_on3":{"color":[{"time":0.1666,"color":"ffffffff","curve":"stepped"},{"time":0.9666,"color":"ffffffff","curve":"stepped"},{"time":1.3333,"color":"ffffffff"},{"time":1.6666,"color":"ffffff00"}]},"Symbol_on":{"color":[{"time":0.6666,"color":"ffffffff","curve":"stepped"},{"time":0.9666,"color":"ffffffff","curve":"stepped"},{"time":1.3333,"color":"ffffffff"},{"time":1.3666,"color":"ffffff00"}]}},"bones":{"bone":{"rotate":[{"time":0,"angle":0,"curve":"stepped"},{"time":0.6666,"angle":0,"curve":"stepped"},{"time":0.9666,"angle":0,"curve":"stepped"},{"time":1.3333,"angle":0,"curve":"stepped"},{"time":1.8333,"angle":0}],"translate":[{"time":0,"x":0,"y":0,"curve":"stepped"},{"time":0.6666,"x":0,"y":0},{"time":0.8333,"x":0,"y":-1.68},{"time":0.9666,"x":0,"y":154.17,"curve":"stepped"},{"time":1.3333,"x":0,"y":154.17},{"time":1.7333,"x":0,"y":-2.11},{"time":1.8333,"x":0,"y":0}],"scale":[{"time":0,"x":1,"y":1,"curve":"stepped"},{"time":0.6666,"x":1,"y":1,"curve":"stepped"},{"time":0.9666,"x":1,"y":1,"curve":"stepped"},{"time":1.3333,"x":1,"y":1,"curve":"stepped"},{"time":1.8333,"x":1,"y":1}]},"bone2":{"rotate":[{"time":0,"angle":0,"curve":"stepped"},{"time":0.6666,"angle":0,"curve":"stepped"},{"time":0.9666,"angle":0,"curve":"stepped"},{"time":1.3333,"angle":0,"curve":"stepped"},{"time":1.8333,"angle":0}],"translate":[{"time":0,"x":0,"y":0,"curve":"stepped"},{"time":0.6666,"x":0,"y":0},{"time":0.8333,"x":-1.09,"y":73.91},{"time":0.9666,"x":-1.09,"y":154.17,"curve":"stepped"},{"time":1.3333,"x":-1.09,"y":154.17},{"time":1.7333,"x":-1.09,"y":-2.11},{"time":1.8333,"x":0,"y":0}],"scale":[{"time":0,"x":1,"y":1,"curve":"stepped"},{"time":0.6666,"x":1,"y":1,"curve":"stepped"},{"time":0.9666,"x":1,"y":1,"curve":"stepped"},{"time":1.3333,"x":1,"y":1,"curve":"stepped"},{"time":1.8333,"x":1,"y":1}]},"bone3":{"rotate":[{"time":0,"angle":0,"curve":"stepped"},{"time":0.6666,"angle":0},{"time":0.8333,"angle":32.76},{"time":1.3333,"angle":0,"curve":"stepped"},{"time":1.8333,"angle":0}],"translate":[{"time":0,"x":0,"y":0,"curve":"stepped"},{"time":0.6666,"x":0,"y":0,"curve":"stepped"},{"time":1.3333,"x":0,"y":0,"curve":"stepped"},{"time":1.8333,"x":0,"y":0}],"scale":[{"time":0,"x":1,"y":1,"curve":"stepped"},{"time":0.6666,"x":1,"y":1,"curve":"stepped"},{"time":1.3333,"x":1,"y":1,"curve":"stepped"},{"time":1.8333,"x":1,"y":1}]},"bone4":{"rotate":[{"time":0,"angle":0,"curve":"stepped"},{"time":0.6666,"angle":0},{"time":0.8333,"angle":-32.96},{"time":1.3333,"angle":0,"curve":"stepped"},{"time":1.8333,"angle":0}],"translate":[{"time":0,"x":0,"y":0,"curve":"stepped"},{"time":0.6666,"x":0,"y":0,"curve":"stepped"},{"time":1.3333,"x":0,"y":0,"curve":"stepped"},{"time":1.8333,"x":0,"y":0}],"scale":[{"time":0,"x":1,"y":1,"curve":"stepped"},{"time":0.6666,"x":1,"y":1,"curve":"stepped"},{"time":1.3333,"x":1,"y":1,"curve":"stepped"},{"time":1.8333,"x":1,"y":1}]},"bone5":{"rotate":[{"time":0,"angle":0,"curve":"stepped"},{"time":0.6666,"angle":0,"curve":"stepped"},{"time":1.8333,"angle":0}],"translate":[{"time":0,"x":0,"y":0,"curve":"stepped"},{"time":0.6666,"x":0,"y":0,"curve":"stepped"},{"time":1.8333,"x":0,"y":0}],"scale":[{"time":0,"x":1,"y":1,"curve":"stepped"},{"time":0.6666,"x":1,"y":1,"curve":"stepped"},{"time":1.8333,"x":1,"y":1}]},"bone6":{"rotate":[{"time":0,"angle":0,"curve":"stepped"},{"time":0.6666,"angle":0,"curve":"stepped"},{"time":1.8333,"angle":0}],"translate":[{"time":0,"x":0,"y":0,"curve":"stepped"},{"time":0.6666,"x":0,"y":0,"curve":"stepped"},{"time":1.8333,"x":0,"y":0}],"scale":[{"time":0,"x":1,"y":1,"curve":"stepped"},{"time":0.6666,"x":1,"y":1,"curve":"stepped"},{"time":1.8333,"x":1,"y":1}]},"bone7":{"rotate":[{"time":0,"angle":0},{"time":0.2333,"angle":-8.59},{"time":0.6666,"angle":0,"curve":"stepped"},{"time":1.8333,"angle":0}],"translate":[{"time":0,"x":0,"y":0,"curve":"stepped"},{"time":0.6666,"x":0,"y":0,"curve":"stepped"},{"time":1.8333,"x":0,"y":0}],"scale":[{"time":0,"x":1,"y":1,"curve":"stepped"},{"time":0.6666,"x":1,"y":1,"curve":"stepped"},{"time":1.8333,"x":1,"y":1}]},"bone8":{"rotate":[{"time":0,"angle":0},{"time":0.2333,"angle":30.15},{"time":0.6666,"angle":-28.28},{"time":0.9666,"angle":-20.14,"curve":"stepped"},{"time":1.3333,"angle":-20.14},{"time":1.3666,"angle":0,"curve":"stepped"},{"time":1.8333,"angle":0}],"translate":[{"time":0,"x":0,"y":0,"curve":"stepped"},{"time":0.6666,"x":0,"y":0,"curve":"stepped"},{"time":1.3666,"x":0,"y":0,"curve":"stepped"},{"time":1.8333,"x":0,"y":0}],"scale":[{"time":0,"x":1,"y":1,"curve":"stepped"},{"time":0.6666,"x":1,"y":1,"curve":"stepped"},{"time":1.3666,"x":1,"y":1,"curve":"stepped"},{"time":1.8333,"x":1,"y":1}]},"bone9":{"rotate":[{"time":0,"angle":0},{"time":0.2333,"angle":-42.97},{"time":0.6666,"angle":-34.55},{"time":0.9666,"angle":46.31,"curve":"stepped"},{"time":1.3333,"angle":46.31},{"time":1.8333,"angle":0}],"translate":[{"time":0,"x":0,"y":0,"curve":"stepped"},{"time":0.6666,"x":0,"y":0,"curve":"stepped"},{"time":1.8333,"x":0,"y":0}],"scale":[{"time":0,"x":1,"y":1,"curve":"stepped"},{"time":0.6666,"x":1,"y":1,"curve":"stepped"},{"time":1.8333,"x":1,"y":1}]},"bone10":{"rotate":[{"time":0,"angle":0},{"time":0.6666,"angle":-18.25},{"time":1.8333,"angle":0}],"translate":[{"time":0,"x":0,"y":0,"curve":"stepped"},{"time":0.6666,"x":0,"y":0,"curve":"stepped"},{"time":1.8333,"x":0,"y":0}],"scale":[{"time":0,"x":1,"y":1,"curve":"stepped"},{"time":0.6666,"x":1,"y":1,"curve":"stepped"},{"time":1.8333,"x":1,"y":1}]},"root":{"rotate":[{"time":0.6666,"angle":0}],"translate":[{"time":0.6666,"x":0,"y":0}],"scale":[{"time":0.6666,"x":1,"y":1}]}}}}}