{"skeleton":{"hash":"f0TnseJ3j0aob2me/WUC5DG3mfc","spine":"2.1.27","width":598.64,"height":943.33},"bones":[{"name":"root","x":2.5},{"name":"footso","parent":"root","x":-86.77,"y":-20.37},{"name":"hip","parent":"root","x":1.6,"y":443.54,"rotation":-0.18},{"name":"left-foot","parent":"root","x":-86.04,"y":14.33},{"name":"right-foot-floor","parent":"root","x":104.26,"y":-38.63},{"name":"right-leg2","parent":"root","x":104.3,"y":13.61},{"name":"lowbody","parent":"hip","length":196.76,"x":13.8,"y":-247.87,"rotation":90},{"name":"left-leg","parent":"lowbody","length":116.7,"x":21.43,"y":100.45,"rotation":-179.97},{"name":"middlebody","parent":"lowbody","length":90.91,"x":192.69,"y":2.71},{"name":"right-leg","parent":"lowbody","length":116.7,"x":21.5,"y":-90.39,"rotation":180},{"name":"edge6","parent":"left-leg","length":142.27,"x":115.32,"rotation":-0.13},{"name":"edge7","parent":"right-leg","length":140,"x":115.32},{"name":"upperbody","parent":"middlebody","length":124.84,"x":73.27,"y":4.06},{"name":"bone","parent":"upperbody","length":53.28,"x":55.75,"y":-81.24,"rotation":0.45},{"name":"bone3","parent":"edge6","length":33.85,"x":142.35,"y":-0.05,"rotation":-0.4},{"name":"bone4","parent":"edge7","length":54.39,"x":142.35,"y":-0.05,"rotation":-0.4},{"name":"neckpiece","parent":"upperbody","length":69.2,"x":118.09,"y":0.03},{"name":"head","parent":"neckpiece","length":190.02,"x":47.3,"y":-5.76,"rotation":0.9},{"name":"left-arm","parent":"neckpiece","length":116.7,"x":-58.35,"y":159.6,"rotation":123.3},{"name":"right-arm","parent":"neckpiece","length":116.7,"x":-52.53,"y":-169.47,"rotation":-133.55},{"name":"antena","parent":"head","length":115.35,"x":190.85,"y":-0.46,"rotation":4.06},{"name":"bone2","parent":"head","x":99.89,"y":0.85},{"name":"edge4","parent":"left-arm","length":152.54,"x":115.32,"y":5.84,"rotation":63.63},{"name":"edge5","parent":"right-arm","length":153.91,"x":127.06,"y":-2.32,"rotation":-47.66}],"ik":[{"name":"left-foot","bones":["left-leg","edge6"],"target":"left-foot"},{"name":"right-leg","bones":["right-leg","edge7"],"target":"right-leg2","bendPositive":false},{"name":"footso","bones":["bone3"],"target":"footso"},{"name":"right-foot-floor","bones":["bone4"],"target":"right-foot-floor"}],"slots":[{"name":"neckpiece","bone":"neckpiece","attachment":"neckpiece"},{"name":"antena","bone":"antena","attachment":"antena"},{"name":"middlebody","bone":"middlebody","attachment":"middlebody"},{"name":"ear-right","bone":"head","attachment":"ear"},{"name":"ear","bone":"root"},{"name":"edge","bone":"left-arm","attachment":"edge"},{"name":"edge2","bone":"left-leg","attachment":"edge"},{"name":"edge3","bone":"right-leg","attachment":"edge"},{"name":"edge6","bone":"right-arm","attachment":"edge"},{"name":"foot","bone":"root"},{"name":"neckpiece4","bone":"neckpiece","attachment":"neckpiece"},{"name":"hand","bone":"root"},{"name":"neckpiece5","bone":"neckpiece","attachment":"neckpiece"},{"name":"head","bone":"head","attachment":"head"},{"name":"lowbody","bone":"lowbody","attachment":"lowbody"},{"name":"rotate","bone":"root"},{"name":"signal","bone":"root"},{"name":"eye2","bone":"bone2","attachment":"eye"},{"name":"eye","bone":"root"},{"name":"signalscreen","bone":"root"},{"name":"upperbody","bone":"upperbody","attachment":"upperbody"},{"name":"rotate2","bone":"root"},{"name":"edge4","bone":"edge4","attachment":"edge"},{"name":"edge9","bone":"edge6","attachment":"edge"},{"name":"edge11","bone":"edge7","attachment":"edge"},{"name":"edge7","bone":"edge5","attachment":"edge"},{"name":"neckpiece2","bone":"root"},{"name":"leftfoot","bone":"bone3","attachment":"foot"},{"name":"leftfoot2","bone":"bone4","attachment":"foot"},{"name":"left-foot","bone":"edge6"},{"name":"left-foot2","bone":"edge7"},{"name":"screen","bone":"upperbody","attachment":"signalscreen"},{"name":"neckpiece3","bone":"root"},{"name":"edge5","bone":"edge4","attachment":"rotate"},{"name":"edge10","bone":"edge6","attachment":"rotate"},{"name":"edge12","bone":"edge7","attachment":"rotate"},{"name":"edge8","bone":"edge5","attachment":"rotate"},{"name":"signal2","bone":"bone","attachment":"signal"},{"name":"left-hand","bone":"edge4","attachment":"hand"},{"name":"left-hand3","bone":"edge6"},{"name":"left-hand4","bone":"edge7"},{"name":"left-hand2","bone":"edge5","attachment":"hand"},{"name":"ear2","bone":"head","attachment":"ear"},{"name":"light1","bone":"upperbody","attachment":"button"},{"name":"light2","bone":"upperbody","attachment":"button"},{"name":"button","bone":"root"},{"name":"box","bone":"root","attachment":"box"}],"skins":{"default":{"antena":{"antena":{"type":"mesh","uvs":[0.41202,0,0.36604,0.02862,0.37626,0.42411,0.23321,0.46996,0.24343,0.53874,0.35582,0.60179,0.36604,0.81386,0.12082,0.86354,0,0.94187,0,1,1,1,0.97397,0.92085,0.63169,0.81195,0.61126,0.60179,0.73897,0.54256,0.74408,0.47569,0.61126,0.40691,0.5806,0.02098,0.54484,0],"triangles":[1,16,2,0,18,17,17,1,0,16,1,17,4,3,2,14,16,15,5,4,2,13,16,14,2,16,13,5,2,13,6,5,13,6,13,12,9,8,7,12,11,10,6,12,10,9,7,6,10,9,6],"vertices":[121.73,1.96,118.24,4.13,69.58999,4.41,64.06,11.08,55.59,10.74,47.76,5.69,21.67,5.63,15.73,17,6.19,22.71,-0.95,22.82,-1.67,-23.17,8.08,-22.12,21.71,-6.59,47.57,-6.05,54.77,-12.04,62.99,-12.4,71.54,-6.42,119.03,-5.75,121.63,-4.14],"hull":19}},"box":{"box":{"type":"boundingbox","vertices":[-1.03082,959.50256,-310.2348,501.42255,-288.9668,257.65863,-159.72284,-4.10125,206.74107,-4.10125,362.16104,305.10266,327.80505,720.64655]}},"ear-right":{"ear":{"x":76.67,"y":-134,"rotation":-90.9,"width":15,"height":83}},"ear2":{"ear":{"x":89.95,"y":144.01,"rotation":-90.9,"width":15,"height":83}},"edge":{"edge":{"x":43.55,"y":-3.22,"scaleX":0.731,"scaleY":1.246,"rotation":94.45,"width":37,"height":118}},"edge10":{"rotate":{"x":-1.07,"y":-0.29,"rotation":89.54,"width":63,"height":63}},"edge11":{"edge":{"x":54.28,"y":-0.27,"scaleX":0.755,"scaleY":1.067,"rotation":90,"width":37,"height":118}},"edge12":{"rotate":{"x":-1.07,"y":-0.29,"rotation":89.54,"width":63,"height":63}},"edge2":{"edge":{"x":42.46,"scaleX":0.731,"scaleY":1.246,"rotation":-270,"width":37,"height":118}},"edge3":{"edge":{"x":42.46,"scaleX":0.731,"scaleY":1.246,"rotation":-270,"width":37,"height":118}},"edge4":{"edge":{"x":54.28,"y":-0.27,"scaleX":0.755,"scaleY":1.067,"rotation":88.64,"width":37,"height":118}},"edge5":{"rotate":{"x":-8.9,"y":5.36,"rotation":89.54,"width":63,"height":63}},"edge6":{"edge":{"x":43.55,"y":-3.22,"scaleX":0.731,"scaleY":1.246,"rotation":94.45,"width":37,"height":118}},"edge7":{"edge":{"x":54.28,"y":-0.27,"scaleX":0.755,"scaleY":1.067,"rotation":88.64,"width":37,"height":118}},"edge8":{"rotate":{"x":-8.9,"y":5.36,"rotation":89.54,"width":63,"height":63}},"edge9":{"edge":{"x":54.28,"y":-0.27,"scaleX":0.755,"scaleY":1.067,"rotation":90,"width":37,"height":118}},"eye2":{"eye":{"x":1.14,"y":2.26,"rotation":-90.9,"width":55,"height":55}},"head":{"head":{"x":100.04,"y":3.8,"rotation":-90.9,"width":262,"height":201}},"left-hand":{"hand":{"x":148.48,"y":1.21,"scaleY":0.915,"rotation":89.54,"width":102,"height":82}},"left-hand2":{"hand":{"x":148.48,"y":1.21,"scaleY":0.915,"rotation":89.54,"width":102,"height":82}},"leftfoot":{"foot":{"x":-9.37,"y":3.08,"rotation":90.4,"width":125,"height":46}},"leftfoot2":{"foot":{"x":-9.37,"y":3.08,"rotation":90.4,"width":125,"height":46}},"light1":{"button":{"x":65.65,"y":60.58,"rotation":-90,"width":29,"height":29}},"light2":{"button":{"x":65.65,"y":107.8,"rotation":-90,"width":29,"height":29}},"lowbody":{"lowbody":{"x":98.88,"y":1.44,"rotation":-90,"width":302,"height":201}},"middlebody":{"middlebody":{"x":44.29,"y":1.2,"rotation":-90,"width":224,"height":90}},"neckpiece":{"neckpiece":{"x":8.02,"y":0.73,"rotation":-90,"width":89,"height":20}},"neckpiece4":{"neckpiece":{"x":28.23,"y":0.33,"rotation":-90,"width":89,"height":20}},"neckpiece5":{"neckpiece":{"x":48.32,"y":1.36,"rotation":-90,"width":89,"height":20}},"screen":{"signalscreen":{"x":59.74,"y":-80.82,"rotation":-90,"width":97,"height":54}},"signal2":{"signal":{"x":4.44,"y":-0.06,"rotation":-90.45,"width":98,"height":49}},"upperbody":{"upperbody":{"x":62.56,"y":-0.78,"rotation":-90,"width":343,"height":124}}}},"animations":{"default":{"slots":{"light1":{"color":[{"time":0.3,"color":"ff6f47ff"},{"time":1.1666,"color":"000000ff"}]},"light2":{"color":[{"time":0,"color":"67ff6dff","curve":[0.859,0,0.75,1]},{"time":0.6666,"color":"000000ff"}]}},"bones":{"bone":{"scale":[{"time":0,"x":1,"y":1},{"time":0.1666,"x":-0.601,"y":1},{"time":0.3333,"x":1,"y":1},{"time":0.5,"x":-0.601,"y":1},{"time":0.6666,"x":1,"y":1},{"time":0.8333,"x":-0.601,"y":1},{"time":1,"x":1,"y":1},{"time":1.1666,"x":-0.601,"y":1},{"time":1.3333,"x":1,"y":1}]},"upperbody":{"translate":[{"time":0,"x":0,"y":0,"curve":[0.123,0.91,0.75,1]},{"time":0.6666,"x":-18.52,"y":0,"curve":[0.717,0,0.75,1]},{"time":1.3333,"x":0,"y":0}]},"lowbody":{"translate":[{"time":0,"x":0,"y":0},{"time":0.1666,"x":0.04,"y":-13.97},{"time":0.3333,"x":0.01,"y":-5.38},{"time":0.5,"x":-0.15,"y":52.65},{"time":1,"x":-0.01,"y":6.55},{"time":1.3333,"x":0,"y":0}]},"left-arm":{"rotate":[{"time":0,"angle":2.88},{"time":0.5,"angle":-33.59},{"time":1.3333,"angle":2.88}]},"edge4":{"rotate":[{"time":0,"angle":1.16},{"time":0.5,"angle":7.4},{"time":1.3333,"angle":1.16}]},"edge5":{"rotate":[{"time":0,"angle":-17.28},{"time":0.4666,"angle":-10.43},{"time":1.3333,"angle":-17.28}]},"right-arm":{"rotate":[{"time":0,"angle":6.34},{"time":0.4666,"angle":38.05},{"time":1.3333,"angle":6.34}]},"bone2":{"scale":[{"time":0.2333,"x":1,"y":1},{"time":0.3333,"x":0,"y":1},{"time":0.4333,"x":1,"y":1}]},"neckpiece":{"rotate":[{"time":0,"angle":-0.51},{"time":0.3333,"angle":-1.06},{"time":0.8333,"angle":11.27},{"time":1.3333,"angle":-0.51}]},"head":{"rotate":[{"time":0,"angle":-2.39},{"time":0.3333,"angle":-12.17},{"time":0.8333,"angle":10.96},{"time":1.3333,"angle":-2.39}]},"antena":{"rotate":[{"time":0,"angle":11.84},{"time":0.3333,"angle":-0.14},{"time":0.8333,"angle":-8.75},{"time":1.3333,"angle":11.84}]}},"ffd":{"default":{"antena":{"antena":[{"time":0,"offset":14,"vertices":[0.66259,0.40245]},{"time":0.3333,"vertices":[-4.00518,-26.69868,-2.9779,-25.58017,0.46148,-7.92219,3.26336,-6.3672,3.72155,-3.26742,2.42346,-0.07434,-0.53204,3.98006,-1.38507,3.57849,-2.66009,1.7742,-2.61102,0.82484,3.49719,1.13849,3.27288,2.42322,1.08959,4.09471,-1.83306,0.79751,-4.50183,-1.40573,-5.19738,-4.36805,-3.61163,-7.88634,-6.62292,-25.18835,-6.21862,-26.24542]},{"time":0.8333,"vertices":[-9.6752,41.37038,-10.19213,39.70094,-5.06796,19.6472,-7.2153,16.64954,-6.1632,13.20132,-3.24078,10.52072,-3.50332,5.49871,-2.81399,3.37717,-4.35037,0.65737,-4.19235,-0.87331,5.65686,0.14219,5.186,2.20028,2.77124,7.29197,1.61416,11.71171,3.30383,15.31736,2.56695,18.74039,-0.81503,21.61675,-6.20935,41.09007,-7.15075,41.98985]},{"time":1.3333,"offset":14,"vertices":[0.66259,0.40245]}]}}}}}}