{"skeleton":{"hash":"2EVe+L8fA86CvMDyfV77S2jcJ4Q","spine":"2.1.27","width":616.52,"height":867.31},"bones":[{"name":"root"},{"name":"footbase","parent":"root","length":111.14,"x":-6.86,"y":165.23,"rotation":-90},{"name":"hip","parent":"root","x":-1.84,"y":217.97},{"name":"body","parent":"hip","length":311.54,"y":-42.09,"rotation":90},{"name":"left-foot","parent":"footbase","length":84.19,"x":64.05,"y":-143.48},{"name":"right-foot","parent":"footbase","length":82.53,"x":64.08,"y":165.86,"rotation":-0.9},{"name":"bone","parent":"body","length":211.09,"x":282.14,"y":-114.59,"rotation":-132.95},{"name":"neck","parent":"body","length":82.58,"x":299.52,"y":-0.66,"rotation":-2.25},{"name":"right-arm","parent":"body","length":210.77,"x":281.98,"y":121.52,"rotation":140.15},{"name":"bone2","parent":"neck","length":209.06,"x":77.14,"y":0.77,"rotation":4.05},{"name":"bone3","parent":"bone2","length":111.95,"x":212.52,"y":71.93},{"name":"bone4","parent":"bone2","length":111.89,"x":205.88,"y":-93.17,"rotation":-1.35},{"name":"bone5","parent":"bone2","length":66.69,"x":44.21,"y":0.1,"rotation":-90.9},{"name":"bone6","parent":"bone2","x":94.28,"y":71.24},{"name":"bone7","parent":"bone2","x":89.48,"y":-82.18}],"slots":[{"name":"left-foot","bone":"left-foot","attachment":"hand"},{"name":"right-foot","bone":"right-foot","attachment":"hand"},{"name":"footbase","bone":"footbase","attachment":"footbase"},{"name":"antena4","bone":"bone4","attachment":"antena"},{"name":"antena3","bone":"bone3","attachment":"antena"},{"name":"neck","bone":"neck","attachment":"neck"},{"name":"right-arm","bone":"right-arm","attachment":"arm"},{"name":"bone","bone":"bone","attachment":"arm"},{"name":"body","bone":"body","attachment":"body"},{"name":"button1","bone":"body","attachment":"button"},{"name":"body2","bone":"body","attachment":"button"},{"name":"head2","bone":"bone2","attachment":"head"},{"name":"button3","bone":"hip"},{"name":"bone7","bone":"bone7","attachment":"cornea"},{"name":"bone5","bone":"bone2"},{"name":"bone6","bone":"bone6","attachment":"cornea"},{"name":"bone4","bone":"bone2"},{"name":"right-hand-slot","bone":"right-arm"},{"name":"bone2","bone":"bone2","attachment":"ear"},{"name":"bone3","bone":"bone2","attachment":"ear"},{"name":"hand","bone":"bone","attachment":"hand"},{"name":"right-arm2","bone":"right-arm","attachment":"hand"},{"name":"mouth2","bone":"bone5","attachment":"mouth"},{"name":"pupil4","bone":"bone7","attachment":"pupil"},{"name":"pupil3","bone":"bone6","attachment":"pupil"},{"name":"box","bone":"root","attachment":"box"}],"skins":{"default":{"antena3":{"antena":{"x":54.11,"y":-0.53,"rotation":-91.79,"width":35,"height":120}},"antena4":{"antena":{"x":58.57,"y":1.79,"rotation":-90.44,"width":35,"height":120}},"body":{"body":{"x":154.28,"y":-2.24,"rotation":-90,"width":410,"height":318}},"body2":{"button":{"x":96.02,"y":-1.28,"rotation":-90,"width":65,"height":65}},"bone":{"arm":{"x":107.33,"y":16.81,"scaleX":-1,"rotation":50.15,"width":167,"height":185}},"bone2":{"ear":{"x":68.91,"y":204.43,"rotation":-91.79,"width":31,"height":131}},"bone3":{"ear":{"x":57.49,"y":-208.37,"scaleX":-1,"rotation":-91.79,"width":31,"height":131}},"bone6":{"cornea":{"x":22.87,"y":-1.47,"rotation":-91.79,"width":75,"height":75}},"bone7":{"cornea":{"x":25.04,"y":0.87,"rotation":-91.79,"width":75,"height":75}},"box":{"box":{"type":"boundingbox","vertices":[311.87094,-0.27432,373.54697,206.5217,246.56702,681.7896,123.21501,886.7716,-81.76703,886.7716,-206.93301,783.37366,-303.07498,262.7557,-192.42097,-2.08831,-3.76501,-3.90231]}},"button1":{"button":{"x":208.09,"y":-0.12,"rotation":-90,"width":65,"height":65}},"footbase":{"footbase":{"x":53.99,"y":10.71,"rotation":90,"width":464,"height":116}},"hand":{"hand":{"x":234.73,"y":-18.26,"rotation":50.15,"width":93,"height":93}},"head2":{"head":{"x":104,"y":-2.27,"rotation":-91.79,"width":382,"height":225}},"left-foot":{"hand":{"x":41.94,"y":-0.33,"rotation":90,"width":93,"height":93}},"mouth2":{"mouth":{"x":2.9,"y":-0.23,"rotation":-0.89,"width":136,"height":19}},"neck":{"neck":{"type":"mesh","uvs":[0,0.24915,0,0,0.5,0,1,0,1,0.24915,1,0.5,1,0.76234,1,1,0.5,1,0,1,0,0.7747,0,0.5,0.5,0.5,0.22185,0.2306],"triangles":[8,6,7,6,8,10,8,9,10,10,12,6,10,11,12,12,5,6,12,4,5,11,13,12,12,13,4,11,0,13,13,2,4,2,3,4,0,1,13,13,1,2],"vertices":[67.58,69.46,98.2,70.26,102.33,0.31,106.45,-69.62,75.83,-70.42,45,-71.23,12.76,-72.08,-16.44,-72.83999,-20.57,-2.9,-24.69,67.04,2.99,67.76,36.75,68.65,40.88,-1.29,71.69,38.48],"hull":12}},"pupil3":{"pupil":{"x":7.39,"y":-0.28,"rotation":-91.79,"width":35,"height":35}},"pupil4":{"pupil":{"x":8.91,"y":1.44,"rotation":-91.79,"width":35,"height":35}},"right-arm":{"arm":{"x":96.95,"y":-7.71,"rotation":129.84,"width":167,"height":185}},"right-arm2":{"hand":{"x":224.07,"y":27.27,"rotation":129.84,"width":93,"height":93}},"right-foot":{"hand":{"x":42.17,"y":-0.34,"rotation":90.9,"width":93,"height":93}}}},"animations":{"default":{"bones":{"bone":{"rotate":[{"time":0,"angle":39.61},{"time":0.2,"angle":24.68},{"time":0.4333,"angle":44.55},{"time":0.6,"angle":32.11},{"time":0.8,"angle":43.95},{"time":1.0333,"angle":33.5},{"time":1.2333,"angle":46.87},{"time":1.4,"angle":36.76},{"time":1.5,"angle":39.61}]},"right-arm":{"rotate":[{"time":0,"angle":-57.69},{"time":0.4333,"angle":-53.26},{"time":0.6333,"angle":-41.51},{"time":0.8,"angle":-50.3},{"time":1,"angle":-35.18},{"time":1.1666,"angle":-50.84},{"time":1.3333,"angle":-41.98},{"time":1.5,"angle":-57.69}]},"root":{"translate":[{"time":0,"x":0,"y":0},{"time":0.2,"x":14.97,"y":0},{"time":0.4,"x":0,"y":0},{"time":0.6333,"x":14.97,"y":0},{"time":0.8666,"x":0,"y":0},{"time":1.1,"x":14.97,"y":0},{"time":1.2666,"x":0,"y":0,"curve":"stepped"},{"time":1.5,"x":0,"y":0}]},"footbase":{"rotate":[{"time":0,"angle":0,"curve":[0.888,0,0.886,0.7]},{"time":0.5,"angle":8.1,"curve":[0.064,0.32,0.991,0.77]},{"time":0.9666,"angle":-4.72},{"time":1.5,"angle":0}],"translate":[{"time":0,"x":0,"y":0},{"time":0.5,"x":-14.97,"y":23.96},{"time":0.9666,"x":-0.49,"y":20.27},{"time":1.5,"x":0,"y":0}]},"body":{"rotate":[{"time":0,"angle":0},{"time":0.5333,"angle":5.38},{"time":1.1333,"angle":-6.21},{"time":1.5,"angle":0}],"translate":[{"time":0,"x":0,"y":0},{"time":0.5333,"x":-14.97,"y":31.45},{"time":1.1333,"x":0.3,"y":26.91},{"time":1.5,"x":0,"y":0}]},"neck":{"rotate":[{"time":0,"angle":0,"curve":[0.765,0.24,0.75,1]},{"time":0.4,"angle":-15.58,"curve":[0,0.76,0.75,1]},{"time":1.0333,"angle":10.01,"curve":[0,0.83,0.75,1]},{"time":1.5,"angle":0}]},"bone6":{"scale":[{"time":0.6666,"x":1,"y":1},{"time":0.7666,"x":0,"y":1},{"time":0.8333,"x":1,"y":1}]},"bone7":{"scale":[{"time":0.7333,"x":1,"y":1},{"time":0.8,"x":0,"y":1},{"time":0.8666,"x":1,"y":1}]},"bone3":{"rotate":[{"time":0,"angle":0,"curve":[0,0.68,0.75,1]},{"time":0.4666,"angle":16.02,"curve":[0.138,0.44,0.75,1]},{"time":1.0666,"angle":-3.38,"curve":[0.036,0.6,0.75,1]},{"time":1.5,"angle":0}]},"bone4":{"rotate":[{"time":0,"angle":0,"curve":[0,0.6,0.75,1]},{"time":0.4666,"angle":14.61,"curve":[0,0.9,0.75,1]},{"time":1,"angle":-16.16,"curve":[0,0.76,0.75,1]},{"time":1.5,"angle":0}]},"bone5":{"rotate":[{"time":0,"angle":0},{"time":0.2,"angle":-3.04},{"time":0.6333,"angle":0.56},{"time":1.1,"angle":-2.52},{"time":1.5,"angle":0}],"scale":[{"time":0,"x":1,"y":1},{"time":0.3333,"x":1,"y":0.637},{"time":0.8,"x":1,"y":1.425},{"time":1.1666,"x":1,"y":0.442},{"time":1.5,"x":1,"y":1}]}}}}}