{"skeleton":{"hash":"FUuKhjxM+RwfuE181OG2s3TbxP4","spine":"2.1.27","width":509.17,"height":702.66},"bones":[{"name":"root"},{"name":"bone","parent":"root","x":3,"y":250.69},{"name":"arm1","parent":"bone","length":57.78,"x":-93.7,"y":111.44,"rotation":160.56},{"name":"arm2","parent":"bone","length":57.78,"x":-79.56,"y":-18.51,"rotation":-160.58},{"name":"arm3","parent":"bone","length":57.78,"x":86.55,"y":-12.01,"rotation":-34.64},{"name":"arm4","parent":"bone","length":57.78,"x":89.5,"y":99.86,"rotation":14.06},{"name":"bone10","parent":"bone","length":42.62,"x":-63.47,"y":-83.05,"rotation":-94.05},{"name":"bone12","parent":"bone","length":124.62,"x":-59.92,"y":-157.75,"rotation":-0.02},{"name":"bone14","parent":"bone","length":22.34,"x":-4.48,"y":186.72,"rotation":91.35},{"name":"bone2","parent":"bone","length":44.33,"x":62.76,"y":-75.76,"rotation":-83.26},{"name":"bone11","parent":"bone10","length":23.93,"x":44.23,"y":-0.11,"rotation":21.09},{"name":"bone13","parent":"bone12","length":32.58,"x":58.93,"y":-44.42,"rotation":101.56},{"name":"bone15","parent":"bone14","length":14.39,"x":24.18,"y":0.04,"rotation":0.9},{"name":"bone20","parent":"arm2","length":41.2,"x":58.17,"y":-0.19,"rotation":15.44},{"name":"bone27","parent":"arm3","length":41.2,"x":58.17,"y":-0.19,"rotation":-1},{"name":"bone3","parent":"arm1","length":41.2,"x":58.17,"y":-0.19,"rotation":-20.75},{"name":"bone34","parent":"arm4","length":41.2,"x":58.17,"y":-0.19,"rotation":17.13},{"name":"bone42","parent":"bone2","length":23.86,"x":49.65,"y":-1.55,"rotation":-19.91},{"name":"bone16","parent":"bone15","length":162.82,"x":18.57,"y":0.49,"rotation":-3.15},{"name":"bone21","parent":"bone20","length":33.35,"x":36.24,"y":0.56,"rotation":18.43},{"name":"bone28","parent":"bone27","length":33.35,"x":36.24,"y":0.56,"rotation":0.65},{"name":"bone35","parent":"bone34","length":33.35,"x":36.24,"y":0.56,"rotation":23.77},{"name":"bone4","parent":"bone3","length":33.35,"x":36.24,"y":0.56,"rotation":-28.11},{"name":"bone17","parent":"bone16","length":164.67,"x":94.79,"y":1.64,"rotation":44.39},{"name":"bone18","parent":"bone16","x":75.65,"y":45.06,"rotation":-89.1},{"name":"bone19","parent":"bone16","x":74.46,"y":-41.91},{"name":"bone22","parent":"bone21","length":21.02,"x":34.09,"y":0.11,"rotation":9.27},{"name":"bone29","parent":"bone28","length":21.02,"x":34.09,"y":0.11,"rotation":-0.49},{"name":"bone36","parent":"bone35","length":21.02,"x":34.09,"y":0.11,"rotation":22.23},{"name":"bone41","parent":"bone16","length":164.67,"x":90.1,"y":-11.47,"rotation":-43.82},{"name":"bone5","parent":"bone4","length":21.02,"x":34.09,"y":0.11,"rotation":-22.99},{"name":"bone23","parent":"bone22","length":13.81,"x":21.67,"y":0.24},{"name":"bone30","parent":"bone29","length":13.81,"x":21.67,"y":0.24,"rotation":0.74},{"name":"bone37","parent":"bone36","length":13.81,"x":21.67,"y":0.24,"rotation":9.7},{"name":"bone6","parent":"bone5","length":13.81,"x":21.67,"y":0.24,"rotation":-2.56},{"name":"bone24","parent":"bone23","length":35.82,"x":15.52,"y":0.49,"rotation":-4.19},{"name":"bone25","parent":"bone23","length":35.28,"x":12.03,"y":8.59,"rotation":18.77},{"name":"bone26","parent":"bone23","length":29.84,"x":14.24,"y":-11.85,"rotation":-27.92},{"name":"bone31","parent":"bone30","length":35.82,"x":15.52,"y":0.49,"rotation":-4.19},{"name":"bone32","parent":"bone30","length":35.28,"x":12.03,"y":8.59,"rotation":18.77},{"name":"bone33","parent":"bone30","length":29.84,"x":14.24,"y":-11.85,"rotation":-27.92},{"name":"bone38","parent":"bone37","length":35.82,"x":15.52,"y":0.49,"rotation":-4.19},{"name":"bone39","parent":"bone37","length":35.28,"x":12.03,"y":8.59,"rotation":18.77},{"name":"bone40","parent":"bone37","length":29.84,"x":14.24,"y":-11.85,"rotation":-27.92},{"name":"bone7","parent":"bone6","length":35.82,"x":15.52,"y":0.49,"rotation":-5.33},{"name":"bone8","parent":"bone6","length":35.28,"x":12.03,"y":8.59,"rotation":18.77},{"name":"bone9","parent":"bone6","length":29.84,"x":14.24,"y":-11.85,"rotation":-27.92}],"slots":[{"name":"middlefinger3","bone":"bone24","attachment":"middlefinger"},{"name":"hand3","bone":"bone23","attachment":"hand"},{"name":"leftfinger3","bone":"bone25","attachment":"leftfinger"},{"name":"foot2","bone":"bone12","attachment":"foot"},{"name":"leg7","bone":"bone42","attachment":"leg2"},{"name":"leg6","bone":"root"},{"name":"leg8","bone":"bone2","attachment":"leg1"},{"name":"leg5","bone":"root"},{"name":"arm6","bone":"arm1","attachment":"arm5"},{"name":"arm13","bone":"arm3","attachment":"arm5"},{"name":"arm12","bone":"bone22","attachment":"arm1"},{"name":"arm11","bone":"bone21","attachment":"arm2"},{"name":"arm10","bone":"bone20","attachment":"arm4"},{"name":"arm9","bone":"arm2","attachment":"arm5"},{"name":"arm17","bone":"arm4","attachment":"arm5"},{"name":"arm5","bone":"root"},{"name":"arm14","bone":"bone27","attachment":"arm4"},{"name":"arm18","bone":"bone34","attachment":"arm4"},{"name":"arm4","bone":"root"},{"name":"foot","bone":"root"},{"name":"arm15","bone":"bone28","attachment":"arm2"},{"name":"arm19","bone":"bone35","attachment":"arm2"},{"name":"arm2","bone":"root"},{"name":"bone19","bone":"bone17","attachment":"antena"},{"name":"bone20","bone":"bone41","attachment":"antena"},{"name":"bone18","bone":"bone17"},{"name":"bone21","bone":"bone41"},{"name":"antena","bone":"root"},{"name":"neck4","bone":"bone15","attachment":"neck"},{"name":"neck","bone":"root"},{"name":"rightfinger3","bone":"bone26","attachment":"rightfinger"},{"name":"leg3","bone":"bone11","attachment":"leg2"},{"name":"leg2","bone":"root"},{"name":"leg4","bone":"bone10","attachment":"leg1"},{"name":"leg1","bone":"root"},{"name":"neck3","bone":"bone14","attachment":"neck"},{"name":"neck2","bone":"root"},{"name":"antenabase2","bone":"bone17","attachment":"antenabase"},{"name":"antenabase3","bone":"bone41","attachment":"antenabase"},{"name":"antenabase","bone":"root"},{"name":"arm16","bone":"bone29","attachment":"arm1"},{"name":"arm20","bone":"bone36","attachment":"arm1"},{"name":"arm1","bone":"root"},{"name":"body","bone":"root","attachment":"body"},{"name":"hand4","bone":"bone30","attachment":"hand"},{"name":"hand5","bone":"bone37","attachment":"hand"},{"name":"hand","bone":"root"},{"name":"head2","bone":"bone16","attachment":"head"},{"name":"head","bone":"root"},{"name":"bone17","bone":"bone16","attachment":"left-eye-hole"},{"name":"left-eye-hole","bone":"root"},{"name":"leftfinger4","bone":"bone32","attachment":"leftfinger"},{"name":"leftfinger5","bone":"bone39","attachment":"leftfinger"},{"name":"leftfinger","bone":"root"},{"name":"middlefinger4","bone":"bone31","attachment":"middlefinger"},{"name":"middlefinger5","bone":"bone38","attachment":"middlefinger"},{"name":"middlefinger","bone":"root"},{"name":"left-eye2","bone":"bone18","attachment":"left-eye"},{"name":"left-eye","bone":"root"},{"name":"bone16","bone":"bone16","attachment":"right-eye-hole"},{"name":"right-eye-hole","bone":"root"},{"name":"rightfinger4","bone":"bone33","attachment":"rightfinger"},{"name":"rightfinger5","bone":"bone40","attachment":"rightfinger"},{"name":"rightfinger","bone":"root"},{"name":"wheel2","bone":"bone13","attachment":"wheel"},{"name":"wheel","bone":"root"},{"name":"right-eye2","bone":"bone19","attachment":"right-eye"},{"name":"root","bone":"root"},{"name":"right-eye","bone":"root"},{"name":"arm7","bone":"bone3","attachment":"arm4"},{"name":"arm3","bone":"bone4","attachment":"arm2"},{"name":"arm8","bone":"bone5","attachment":"arm1"},{"name":"middlefinger2","bone":"bone7","attachment":"middlefinger"},{"name":"hand2","bone":"bone6","attachment":"hand"},{"name":"leftfinger2","bone":"bone8","attachment":"leftfinger"},{"name":"rightfinger2","bone":"bone9","attachment":"rightfinger"},{"name":"box","bone":"root","attachment":"box"}],"skins":{"default":{"antenabase2":{"antenabase":{"x":68.6,"y":2.4,"rotation":-135.48,"width":66,"height":66}},"antenabase3":{"antenabase":{"x":68.6,"y":2.4,"rotation":-135.48,"width":66,"height":66}},"arm10":{"arm4":{"x":31.72,"y":3.41,"rotation":-144.55,"width":80,"height":79}},"arm11":{"arm2":{"x":22.71,"y":0.07,"rotation":-114.86,"width":62,"height":57}},"arm12":{"arm1":{"x":12.76,"y":0.36,"rotation":-98.55,"width":42,"height":31}},"arm13":{"arm5":{"x":64.17,"y":0.88,"rotation":-176.82,"width":85,"height":87}},"arm14":{"arm4":{"x":31.72,"y":3.41,"rotation":-144.55,"width":80,"height":79}},"arm15":{"arm2":{"x":22.71,"y":0.07,"rotation":-114.86,"width":62,"height":57}},"arm16":{"arm1":{"x":12.76,"y":0.36,"rotation":-98.55,"width":42,"height":31}},"arm17":{"arm5":{"x":64.17,"y":0.88,"rotation":-176.82,"width":85,"height":87}},"arm18":{"arm4":{"x":31.72,"y":3.41,"rotation":-144.55,"width":80,"height":79}},"arm19":{"arm2":{"x":22.71,"y":0.07,"rotation":-114.86,"width":62,"height":57}},"arm20":{"arm1":{"x":12.76,"y":0.36,"rotation":-98.55,"width":42,"height":31}},"arm3":{"arm2":{"x":22.71,"y":0.07,"rotation":-114.86,"width":62,"height":57}},"arm6":{"arm5":{"x":64.17,"y":0.88,"rotation":-176.82,"width":85,"height":87}},"arm7":{"arm4":{"x":31.72,"y":3.41,"rotation":-144.55,"width":80,"height":79}},"arm8":{"arm1":{"x":12.76,"y":0.36,"rotation":-98.55,"width":42,"height":31}},"arm9":{"arm5":{"x":64.17,"y":0.88,"rotation":-176.82,"width":85,"height":87}},"body":{"body":{"x":1.99,"y":297,"width":289,"height":306}},"bone16":{"right-eye-hole":{"x":74.51,"y":-41.65,"rotation":-89.1,"width":82,"height":82}},"bone17":{"left-eye-hole":{"x":74.16,"y":45.34,"rotation":-89.1,"width":56,"height":56}},"bone19":{"antena":{"x":114.91,"y":1.65,"rotation":-135.48,"width":87,"height":86}},"bone20":{"antena":{"x":114.91,"y":1.65,"rotation":-135.48,"width":87,"height":86}},"box":{"box":{"type":"boundingbox","vertices":[-129.34421,706.77515,-224.4343,494.75012,-241.1392,113.10521,-39.39425,0.0252,42.8457,0.0252,269.0057,113.10521,257.44073,479.3301,150.7857,706.77515]}},"foot2":{"foot":{"x":58.42,"y":-4.43,"rotation":0.02,"width":144,"height":95}},"hand2":{"hand":{"x":7.37,"y":-0.48,"rotation":-99.1,"width":25,"height":19}},"hand3":{"hand":{"x":7.37,"y":-0.48,"rotation":-99.1,"width":25,"height":19}},"hand4":{"hand":{"x":7.37,"y":-0.48,"rotation":-99.1,"width":25,"height":19}},"hand5":{"hand":{"x":7.37,"y":-0.48,"rotation":-99.1,"width":25,"height":19}},"head2":{"head":{"x":83.98,"y":-7,"rotation":-89.1,"width":178,"height":179}},"left-eye2":{"left-eye":{"x":-0.02,"y":-1.33,"rotation":-135.48,"width":35,"height":35}},"leftfinger2":{"leftfinger":{"x":19.02,"y":1.63,"rotation":-112.23,"width":25,"height":42}},"leftfinger3":{"leftfinger":{"x":19.02,"y":1.63,"rotation":-112.23,"width":25,"height":42}},"leftfinger4":{"leftfinger":{"x":19.02,"y":1.63,"rotation":-112.23,"width":25,"height":42}},"leftfinger5":{"leftfinger":{"x":19.02,"y":1.63,"rotation":-112.23,"width":25,"height":42}},"leg3":{"leg2":{"x":-10.1,"y":9.56,"rotation":72.95,"width":74,"height":74}},"leg4":{"leg1":{"x":7.3,"y":-2.02,"rotation":94.05,"width":81,"height":81}},"leg7":{"leg2":{"x":-6,"y":-7.95,"rotation":103.17,"width":74,"height":74}},"leg8":{"leg1":{"x":11.72,"y":-0.95,"rotation":83.26,"width":81,"height":81}},"middlefinger2":{"middlefinger":{"x":18.09,"y":-2.01,"rotation":-80.1,"width":16,"height":42}},"middlefinger3":{"middlefinger":{"x":18.09,"y":-2.01,"rotation":-80.1,"width":16,"height":42}},"middlefinger4":{"middlefinger":{"x":18.09,"y":-2.01,"rotation":-80.1,"width":16,"height":42}},"middlefinger5":{"middlefinger":{"x":18.09,"y":-2.01,"rotation":-80.1,"width":16,"height":42}},"neck3":{"neck":{"x":10.04,"y":-3.67,"rotation":-91.35,"width":127,"height":27}},"neck4":{"neck":{"x":6.13,"y":-4.32,"rotation":-92.25,"width":127,"height":27}},"right-eye2":{"right-eye":{"x":0.03,"y":-0.29,"rotation":-89.1,"width":51,"height":51}},"rightfinger2":{"rightfinger":{"x":16.85,"y":3.29,"rotation":-41.49,"width":33,"height":36}},"rightfinger3":{"rightfinger":{"x":16.85,"y":3.29,"rotation":-41.49,"width":33,"height":36}},"rightfinger4":{"rightfinger":{"x":16.85,"y":3.29,"rotation":-41.49,"width":33,"height":36}},"rightfinger5":{"rightfinger":{"x":16.85,"y":3.29,"rotation":-41.49,"width":33,"height":36}},"wheel2":{"wheel":{"x":4.3,"y":-1.38,"rotation":-101.54,"width":72,"height":108}}}},"animations":{"default":{"slots":{"left-eye2":{"color":[{"time":0,"color":"ffffffff"},{"time":1.6666,"color":"383838ff"},{"time":3.3333,"color":"ffffffff"}]},"right-eye2":{"color":[{"time":0,"color":"ffffffff"},{"time":1.6666,"color":"383838ff"},{"time":3.3333,"color":"ffffffff"}]}},"bones":{"bone5":{"rotate":[{"time":0,"angle":-0.02},{"time":0.7666,"angle":-14.56},{"time":1.6666,"angle":36.4},{"time":3.3333,"angle":-0.02}]},"bone6":{"rotate":[{"time":0,"angle":-5.32},{"time":0.7666,"angle":-16.08},{"time":1.6666,"angle":2.22},{"time":3.3333,"angle":-5.32}]},"bone4":{"rotate":[{"time":0,"angle":-0.11},{"time":0.7666,"angle":58.19},{"time":1.6666,"angle":42.13},{"time":3.3333,"angle":-0.11}]},"arm1":{"rotate":[{"time":0,"angle":-0.1,"curve":[0,0.78,0.75,1]},{"time":1.6666,"angle":7.39,"curve":[0.25,0,0.75,1]},{"time":3.3333,"angle":-0.1}]},"bone3":{"rotate":[{"time":0,"angle":0.02},{"time":1.1666,"angle":57.04},{"time":1.6666,"angle":55.86},{"time":3.3333,"angle":0.02}]},"bone8":{"rotate":[{"time":0,"angle":8.03},{"time":0.3333,"angle":-14.05},{"time":0.6666,"angle":8.03},{"time":1,"angle":-14.05},{"time":1.3333,"angle":8.03},{"time":1.6666,"angle":-14.05},{"time":2,"angle":8.03},{"time":2.3333,"angle":-14.05},{"time":2.6666,"angle":8.03},{"time":3,"angle":-14.05},{"time":3.3333,"angle":8.03}]},"bone9":{"rotate":[{"time":0,"angle":-8.78},{"time":0.3333,"angle":21.96},{"time":0.6666,"angle":-8.78},{"time":1,"angle":21.96},{"time":1.3333,"angle":-8.78},{"time":1.6666,"angle":21.96},{"time":2,"angle":-8.78},{"time":2.3333,"angle":21.96},{"time":2.6666,"angle":-8.78},{"time":3,"angle":21.96},{"time":3.3333,"angle":-8.78}]},"bone7":{"rotate":[{"time":0,"angle":1.92,"curve":"stepped"},{"time":0.6666,"angle":1.92,"curve":"stepped"},{"time":1.3333,"angle":1.92,"curve":"stepped"},{"time":2,"angle":1.92,"curve":"stepped"},{"time":2.6666,"angle":1.92,"curve":"stepped"},{"time":3.3333,"angle":1.92}],"scale":[{"time":0,"x":1,"y":1},{"time":0.3333,"x":0.824,"y":1},{"time":0.6666,"x":1,"y":1},{"time":1,"x":0.824,"y":1},{"time":1.3333,"x":1,"y":1},{"time":1.6666,"x":0.824,"y":1},{"time":2,"x":1,"y":1},{"time":2.3333,"x":0.824,"y":1},{"time":2.6666,"x":1,"y":1},{"time":3,"x":0.824,"y":1},{"time":3.3333,"x":1,"y":1}]},"root":{"rotate":[{"time":0,"angle":2.55},{"time":1.6666,"angle":-1.74},{"time":3.3333,"angle":2.55}],"translate":[{"time":0,"x":0,"y":0},{"time":0.1333,"x":-0.16,"y":3.83},{"time":0.2666,"x":0,"y":0},{"time":0.4,"x":-0.16,"y":3.83},{"time":0.5333,"x":0,"y":0},{"time":0.6666,"x":-0.16,"y":3.83},{"time":0.8,"x":0,"y":0},{"time":0.9333,"x":-0.16,"y":3.83},{"time":1.0666,"x":0,"y":0},{"time":1.2,"x":-0.16,"y":3.83},{"time":1.3333,"x":0,"y":0},{"time":1.4666,"x":-0.16,"y":3.83},{"time":1.6,"x":0,"y":0},{"time":1.7333,"x":-0.16,"y":3.83},{"time":1.8666,"x":0,"y":0},{"time":2,"x":-0.16,"y":3.83},{"time":2.1333,"x":0,"y":0},{"time":2.3,"x":-0.16,"y":3.83},{"time":2.4333,"x":0,"y":0},{"time":2.5666,"x":-0.16,"y":3.83},{"time":2.7,"x":0,"y":0},{"time":2.8666,"x":-0.16,"y":3.83},{"time":3,"x":0,"y":0},{"time":3.1666,"x":-0.16,"y":3.83},{"time":3.3333,"x":0,"y":0}]},"bone10":{"rotate":[{"time":0,"angle":0},{"time":1.6666,"angle":-11.88},{"time":3.3333,"angle":0}]},"bone11":{"rotate":[{"time":0,"angle":0},{"time":1.6666,"angle":-15.88},{"time":3.3333,"angle":0}]},"bone2":{"rotate":[{"time":0,"angle":0},{"time":1.6666,"angle":4.47},{"time":3.3333,"angle":0}]},"bone42":{"rotate":[{"time":0,"angle":0},{"time":1.6666,"angle":12.07},{"time":3.3333,"angle":0}]},"bone26":{"rotate":[{"time":0,"angle":8.03},{"time":0.3333,"angle":-14.05},{"time":0.6666,"angle":8.03},{"time":1,"angle":-14.05},{"time":1.3333,"angle":8.03},{"time":1.6666,"angle":-14.05},{"time":2,"angle":8.03},{"time":2.3333,"angle":-14.05},{"time":2.6666,"angle":8.03},{"time":3,"angle":-14.05},{"time":3.3333,"angle":8.03}]},"bone24":{"rotate":[{"time":0,"angle":1.92,"curve":"stepped"},{"time":0.6666,"angle":1.92,"curve":"stepped"},{"time":1.3333,"angle":1.92,"curve":"stepped"},{"time":2,"angle":1.92,"curve":"stepped"},{"time":2.6666,"angle":1.92,"curve":"stepped"},{"time":3.3333,"angle":1.92}],"scale":[{"time":0,"x":1,"y":1},{"time":0.3333,"x":0.824,"y":1},{"time":0.6666,"x":1,"y":1},{"time":1,"x":0.824,"y":1},{"time":1.3333,"x":1,"y":1},{"time":1.6666,"x":0.824,"y":1},{"time":2,"x":1,"y":1},{"time":2.3333,"x":0.824,"y":1},{"time":2.6666,"x":1,"y":1},{"time":3,"x":0.824,"y":1},{"time":3.3333,"x":1,"y":1}]},"bone25":{"rotate":[{"time":0,"angle":-8.78},{"time":0.3333,"angle":21.96},{"time":0.6666,"angle":-8.78},{"time":1,"angle":21.96},{"time":1.3333,"angle":-8.78},{"time":1.6666,"angle":21.96},{"time":2,"angle":-8.78},{"time":2.3333,"angle":21.96},{"time":2.6666,"angle":-8.78},{"time":3,"angle":21.96},{"time":3.3333,"angle":-8.78}]},"bone31":{"rotate":[{"time":0,"angle":1.92,"curve":"stepped"},{"time":0.6666,"angle":1.92,"curve":"stepped"},{"time":1.3333,"angle":1.92,"curve":"stepped"},{"time":2,"angle":1.92,"curve":"stepped"},{"time":2.6666,"angle":1.92,"curve":"stepped"},{"time":3.3333,"angle":1.92}],"scale":[{"time":0,"x":1,"y":1},{"time":0.3333,"x":0.824,"y":1},{"time":0.6666,"x":1,"y":1},{"time":1,"x":0.824,"y":1},{"time":1.3333,"x":1,"y":1},{"time":1.6666,"x":0.824,"y":1},{"time":2,"x":1,"y":1},{"time":2.3333,"x":0.824,"y":1},{"time":2.6666,"x":1,"y":1},{"time":3,"x":0.824,"y":1},{"time":3.3333,"x":1,"y":1}]},"bone38":{"rotate":[{"time":0,"angle":1.92,"curve":"stepped"},{"time":0.6666,"angle":1.92,"curve":"stepped"},{"time":1.3333,"angle":1.92,"curve":"stepped"},{"time":2,"angle":1.92,"curve":"stepped"},{"time":2.6666,"angle":1.92,"curve":"stepped"},{"time":3.3333,"angle":1.92}],"scale":[{"time":0,"x":1,"y":1},{"time":0.3333,"x":0.824,"y":1},{"time":0.6666,"x":1,"y":1},{"time":1,"x":0.824,"y":1},{"time":1.3333,"x":1,"y":1},{"time":1.6666,"x":0.824,"y":1},{"time":2,"x":1,"y":1},{"time":2.3333,"x":0.824,"y":1},{"time":2.6666,"x":1,"y":1},{"time":3,"x":0.824,"y":1},{"time":3.3333,"x":1,"y":1}]},"bone40":{"rotate":[{"time":0,"angle":8.03},{"time":0.3333,"angle":-14.05},{"time":0.6666,"angle":8.03},{"time":1,"angle":-14.05},{"time":1.3333,"angle":8.03},{"time":1.6666,"angle":-14.05},{"time":2,"angle":8.03},{"time":2.3333,"angle":-14.05},{"time":2.6666,"angle":8.03},{"time":3,"angle":-14.05},{"time":3.3333,"angle":8.03}]},"bone33":{"rotate":[{"time":0,"angle":8.03},{"time":0.3333,"angle":-14.05},{"time":0.6666,"angle":8.03},{"time":1,"angle":-14.05},{"time":1.3333,"angle":8.03},{"time":1.6666,"angle":-14.05},{"time":2,"angle":8.03},{"time":2.3333,"angle":-14.05},{"time":2.6666,"angle":8.03},{"time":3,"angle":-14.05},{"time":3.3333,"angle":8.03}]},"bone39":{"rotate":[{"time":0,"angle":-8.78},{"time":0.3333,"angle":21.96},{"time":0.6666,"angle":-8.78},{"time":1,"angle":21.96},{"time":1.3333,"angle":-8.78},{"time":1.6666,"angle":21.96},{"time":2,"angle":-8.78},{"time":2.3333,"angle":21.96},{"time":2.6666,"angle":-8.78},{"time":3,"angle":21.96},{"time":3.3333,"angle":-8.78}]},"bone32":{"rotate":[{"time":0,"angle":-8.78},{"time":0.3333,"angle":21.96},{"time":0.6666,"angle":-8.78},{"time":1,"angle":21.96},{"time":1.3333,"angle":-8.78},{"time":1.6666,"angle":21.96},{"time":2,"angle":-8.78},{"time":2.3333,"angle":21.96},{"time":2.6666,"angle":-8.78},{"time":3,"angle":21.96},{"time":3.3333,"angle":-8.78}]},"arm2":{"rotate":[{"time":0,"angle":0},{"time":1.6666,"angle":-13.52},{"time":3.3333,"angle":0}]},"bone20":{"rotate":[{"time":0,"angle":0},{"time":1.6666,"angle":-30.28},{"time":3.3333,"angle":0}]},"bone21":{"rotate":[{"time":0,"angle":0},{"time":1.6666,"angle":-64.44},{"time":3.3333,"angle":0}]},"bone22":{"rotate":[{"time":0,"angle":0},{"time":2,"angle":-44.68},{"time":3.3333,"angle":0}]},"bone23":{"rotate":[{"time":0,"angle":0},{"time":1.6666,"angle":52.51},{"time":3.3333,"angle":0}]},"arm4":{"rotate":[{"time":0,"angle":0},{"time":0.6666,"angle":2.48},{"time":1.3333,"angle":0.79},{"time":2,"angle":-15.72},{"time":2.6666,"angle":-5.32},{"time":3.3333,"angle":0}]},"bone34":{"rotate":[{"time":0,"angle":0},{"time":0.6666,"angle":0.78},{"time":1.3333,"angle":-9.46},{"time":2,"angle":-37.27},{"time":2.6666,"angle":-12.69},{"time":3.3333,"angle":0}]},"bone35":{"rotate":[{"time":0,"angle":0},{"time":0.6666,"angle":-10.93},{"time":1.3333,"angle":-48.41},{"time":2,"angle":-57.42},{"time":2.6666,"angle":-5.46},{"time":3.3333,"angle":0}]},"bone36":{"rotate":[{"time":0,"angle":0},{"time":0.6666,"angle":-62.85},{"time":1.3333,"angle":-92.3},{"time":2,"angle":3.59},{"time":2.6666,"angle":33.26},{"time":3.3333,"angle":0}]},"bone37":{"rotate":[{"time":0,"angle":0},{"time":0.6666,"angle":-55},{"time":1.3333,"angle":-21.4},{"time":2,"angle":4.36},{"time":2.6666,"angle":-32.65},{"time":3.3333,"angle":0}]},"bone30":{"rotate":[{"time":0,"angle":0.58},{"time":1.1666,"angle":1.51},{"time":2.2333,"angle":3.55},{"time":3.3333,"angle":0.58}]},"arm3":{"rotate":[{"time":0,"angle":32.77},{"time":1.1666,"angle":-11.08},{"time":2.2333,"angle":-10.44},{"time":3.3333,"angle":32.77}]},"bone27":{"rotate":[{"time":0,"angle":8.49},{"time":1.1666,"angle":13.77},{"time":2.2333,"angle":-26.01},{"time":3.3333,"angle":8.49}]},"bone28":{"rotate":[{"time":0,"angle":-7.41},{"time":1.1666,"angle":20.2},{"time":2.2333,"angle":-15.19},{"time":3.3333,"angle":-7.41}]},"bone29":{"rotate":[{"time":0,"angle":1.6},{"time":1.1666,"angle":6.51},{"time":2.2333,"angle":45.93},{"time":3.3333,"angle":1.6}]},"bone13":{"rotate":[{"time":0,"angle":0},{"time":0.9333,"angle":-0.99},{"time":1.7666,"angle":2.22},{"time":2.9,"angle":-0.33},{"time":3.3333,"angle":0}],"translate":[{"time":0,"x":0,"y":0},{"time":0.6333,"x":-0.59,"y":2.92},{"time":1.8,"x":-0.06,"y":0.31},{"time":2.7,"x":-1.05,"y":5.16},{"time":3.3333,"x":0,"y":0}]}}}}}