{"skeleton":{"hash":"l0fJGe9YhbFkkStuZIub5HmbK6s","spine":"2.1.27","width":947.57,"height":778.03},"bones":[{"name":"root","y":-1.34},{"name":"body","parent":"root","y":1.34},{"name":"hand1","parent":"root","x":-475.19,"y":297.35,"scaleX":3.239,"scaleY":3.283,"rotation":176.53},{"name":"hand2","parent":"root","x":485.82,"y":299.54,"rotation":-169.88},{"name":"hand3","parent":"root","x":-474.7,"y":156.51},{"name":"hand4","parent":"root","x":451.98,"y":110.79},{"name":"wheels","parent":"root","length":210,"x":1.35,"y":50.94},{"name":"arm1","parent":"body","length":107.87,"x":-184.19,"y":309.26,"rotation":-8.94},{"name":"arm2","parent":"body","length":107.87,"x":185.9,"y":307.51,"rotation":-8.94},{"name":"arm3","parent":"body","length":107.87,"x":-194.11,"y":182.07,"rotation":-8.94},{"name":"arm4","parent":"body","length":107.87,"x":191.57,"y":182.26,"rotation":-8.94},{"name":"head","parent":"body","length":167.45,"x":2.39,"y":420.88,"rotation":90},{"name":"antena","parent":"head","length":143.25,"x":250.55,"y":-49.25,"rotation":-22.12},{"name":"armbone1","parent":"arm1","length":120,"x":108.47,"y":-0.01,"rotation":92.49},{"name":"armbone2","parent":"arm2","length":120,"x":108.47,"y":-0.01,"rotation":92.49},{"name":"armbone3","parent":"arm3","length":120,"x":108.47,"y":-0.01,"rotation":92.49},{"name":"armbone4","parent":"arm4","length":120,"x":108.47,"y":-0.01,"rotation":92.49},{"name":"eye1","parent":"head","x":141.82,"y":60.38},{"name":"eye2","parent":"head","x":126.04,"y":-45.66},{"name":"pupil1b","parent":"eye1","x":-14.13,"y":9.34},{"name":"pupil2b","parent":"eye2","x":-8.17,"y":5.96}],"ik":[{"name":"hand1","bones":["arm1","armbone1"],"target":"hand1","bendPositive":false},{"name":"hand2","bones":["arm2","armbone2"],"target":"hand2"},{"name":"hand3","bones":["arm3","armbone3"],"target":"hand3","bendPositive":false},{"name":"hand4","bones":["arm4","armbone4"],"target":"hand4"}],"slots":[{"name":"base","bone":"wheels","attachment":"base"},{"name":"wheel1","bone":"wheels","attachment":"wheel"},{"name":"wheel2","bone":"wheels","attachment":"wheel"},{"name":"wheel3","bone":"wheels","attachment":"wheel"},{"name":"wheel4","bone":"wheels","attachment":"wheel"},{"name":"wheel5","bone":"wheels","attachment":"wheel"},{"name":"forearm1","bone":"arm1","attachment":"arm"},{"name":"forearm2","bone":"arm2","attachment":"arm"},{"name":"forearm3","bone":"arm3","attachment":"arm"},{"name":"forearm4","bone":"arm4","attachment":"arm"},{"name":"armslot1","bone":"armbone1","attachment":"arm"},{"name":"armslot2","bone":"armbone2","attachment":"arm"},{"name":"armslot3","bone":"armbone3","attachment":"arm"},{"name":"armslot4","bone":"armbone4","attachment":"arm"},{"name":"elbow1","bone":"arm1","attachment":"elbow"},{"name":"elbow2","bone":"arm2","attachment":"elbow"},{"name":"elbow3","bone":"arm3","attachment":"elbow"},{"name":"elbow4","bone":"arm4","attachment":"elbow"},{"name":"handslot1","bone":"armbone1","attachment":"hand"},{"name":"handslot2","bone":"armbone2","attachment":"hand"},{"name":"handslot3","bone":"armbone3","attachment":"hand"},{"name":"handslot4","bone":"armbone4","attachment":"hand"},{"name":"neck","bone":"head","attachment":"neck"},{"name":"antena","bone":"antena","attachment":"antena"},{"name":"ear2","bone":"head","attachment":"ear"},{"name":"face","bone":"head","attachment":"head"},{"name":"ear1","bone":"head","attachment":"ear"},{"name":"cornea1","bone":"eye1","attachment":"cornea"},{"name":"cornea2","bone":"eye2","attachment":"cornea"},{"name":"pupil1","bone":"pupil1b","attachment":"pupil"},{"name":"pupil2","bone":"pupil2b","attachment":"pupil"},{"name":"body","bone":"body","attachment":"body"},{"name":"box","bone":"root","attachment":"box"}],"skins":{"default":{"antena":{"antena":{"type":"mesh","uvs":[0.70503,0.00416,0.55697,0.41147,0.41535,0.45829,0.3896,0.52384,0.49903,0.57768,0.42178,0.79304,0.21579,0.82113,0.02266,0.90072,0,0.95221,1,1,0.96252,0.90072,0.79515,0.81879,0.68572,0.8024,0.75009,0.59406,0.89171,0.54959,0.9239,0.46531,0.80159,0.41616,0.93677,0.02991,0.8724,0],"triangles":[16,0,18,16,1,0,18,17,16,14,16,15,4,2,1,3,2,4,13,1,16,13,16,14,4,1,13,12,4,13,5,4,12,11,10,9,12,11,9,5,12,9,8,7,6,6,5,8,9,8,5],"vertices":[114.3,3.82,64.66,5.54,58.42,11.19,50.42,11.55,44.41,6.13,18.17,6.99,13.91,15.68,3.51,23.2,-2.77,23.59,-4.27,-20.71999,7.51,-17.92,16.66,-9.64,18.16,-4.66,43.51,-5.04,49.46,-10.71,59.74,-11.14,65.12999,-5.21,112.19,-6.61,115.51,-3.44],"hull":19}},"armslot1":{"arm":{"x":68.01,"y":1,"rotation":0.87,"width":103,"height":31}},"armslot2":{"arm":{"x":68.01,"y":1,"rotation":0.87,"width":103,"height":31}},"armslot3":{"arm":{"x":68.01,"y":1,"rotation":0.87,"width":103,"height":31}},"armslot4":{"arm":{"x":68.01,"y":1,"rotation":0.87,"width":103,"height":31}},"base":{"base":{"x":-1.03,"y":-0.86,"width":406,"height":96}},"body":{"body":{"x":2.5,"y":262.56,"width":402,"height":320}},"box":{"box":{"type":"boundingbox","vertices":[84.07239,813.3603,-504.88153,466.46844,-478.19757,1.40457,463.36627,-0.5014,537.7003,355.92044]}},"cornea1":{"cornea":{"rotation":-90.09,"width":92,"height":92}},"cornea2":{"cornea":{"scaleX":0.8,"scaleY":0.8,"rotation":-90.09,"width":92,"height":92}},"ear1":{"ear":{"x":100.75,"y":-116.54,"scaleX":1.25,"rotation":-90.09,"width":28,"height":88}},"ear2":{"ear":{"x":117.97,"y":113.64,"scaleX":-1,"rotation":-90.09,"width":28,"height":88}},"elbow1":{"elbow":{"x":110.15,"y":1.62,"rotation":0.86,"width":51,"height":51}},"elbow2":{"elbow":{"x":110.15,"y":1.62,"rotation":0.86,"width":51,"height":51}},"elbow3":{"elbow":{"x":110.15,"y":1.62,"rotation":0.86,"width":51,"height":51}},"elbow4":{"elbow":{"x":110.15,"y":1.62,"rotation":0.86,"width":51,"height":51}},"face":{"head":{"x":146.63,"rotation":-90,"width":223,"height":223}},"forearm1":{"arm":{"x":50.1,"y":0.31,"rotation":0.81,"width":103,"height":31}},"forearm2":{"arm":{"x":50.1,"y":0.31,"rotation":0.81,"width":103,"height":31}},"forearm3":{"arm":{"x":50.1,"y":0.31,"rotation":0.81,"width":103,"height":31}},"forearm4":{"arm":{"x":50.1,"y":0.31,"rotation":0.81,"width":103,"height":31}},"handslot1":{"hand":{"x":144.46,"y":2.13,"rotation":-84.29,"width":82,"height":52}},"handslot2":{"hand":{"x":144.46,"y":2.13,"rotation":-84.29,"width":82,"height":52}},"handslot3":{"hand":{"x":144.46,"y":2.13,"rotation":-84.29,"width":82,"height":52}},"handslot4":{"hand":{"x":144.46,"y":2.13,"rotation":-84.29,"width":82,"height":52}},"neck":{"neck":{"x":19.76,"rotation":-90,"width":155,"height":68}},"pupil1":{"pupil":{"x":-0.1,"y":3.61,"rotation":-90.09,"width":35,"height":35}},"pupil2":{"pupil":{"x":-0.13,"y":0.28,"scaleX":0.5,"scaleY":0.5,"rotation":-90.09,"width":35,"height":35}},"wheel1":{"wheel":{"x":-2.07,"width":50,"height":50}},"wheel2":{"wheel":{"x":-162.23,"width":50,"height":50}},"wheel3":{"wheel":{"x":164.31,"width":50,"height":50}},"wheel4":{"wheel":{"x":82.15,"width":50,"height":50}},"wheel5":{"wheel":{"x":-83.19,"width":50,"height":50}}}},"animations":{"searching":{"bones":{"body":{"translate":[{"time":0,"x":0,"y":-102.75}]},"hand1":{"rotate":[{"time":0,"angle":-165.18}],"translate":[{"time":0,"x":413.71,"y":-118.97}]},"hand2":{"translate":[{"time":0,"x":-450.21,"y":-105.45}]},"hand3":{"translate":[{"time":0,"x":411,"y":-83.82}]},"hand4":{"translate":[{"time":0,"x":-394.78,"y":-36.5}]},"wheels":{"scale":[{"time":0,"x":0.945,"y":1}]},"arm3":{"translate":[{"time":0,"x":9.46,"y":0}]},"arm4":{"translate":[{"time":0,"x":-5.4,"y":0}]},"head":{"translate":[{"time":0,"x":0,"y":-270.39}]},"antena":{"rotate":[{"time":0,"angle":43.94,"curve":[0,0.75,0.75,1]},{"time":0.5,"angle":-6.08,"curve":[0.25,0,0.75,1]},{"time":1.1666,"angle":43.94}]}}},"stand":{"bones":{"hand1":{"translate":[{"time":0,"x":101.5,"y":72.22},{"time":0.1666,"x":84.25,"y":61.87},{"time":0.2666,"x":84.25,"y":39.44},{"time":0.4666,"x":110.12,"y":25.64},{"time":1.1666,"x":144.62,"y":139.49},{"time":1.6,"x":101.5,"y":72.22},{"time":1.7666,"x":84.25,"y":61.87},{"time":1.8666,"x":84.25,"y":39.44},{"time":2.0666,"x":110.12,"y":25.64},{"time":2.7666,"x":144.62,"y":139.49},{"time":3.1333,"x":101.5,"y":72.22},{"time":3.3,"x":84.25,"y":61.87},{"time":3.4,"x":84.25,"y":39.44},{"time":3.6,"x":110.12,"y":25.64},{"time":4.3,"x":144.62,"y":139.49},{"time":4.7333,"x":101.5,"y":72.22},{"time":4.9,"x":84.25,"y":61.87},{"time":5,"x":84.25,"y":39.44},{"time":5.2,"x":110.12,"y":25.64},{"time":5.9,"x":144.62,"y":139.49},{"time":6.5666,"x":101.5,"y":72.22},{"time":6.7333,"x":84.25,"y":61.87},{"time":6.8333,"x":84.25,"y":39.44},{"time":7.0333,"x":110.12,"y":25.64},{"time":7.7333,"x":144.62,"y":139.49},{"time":8.1666,"x":101.5,"y":72.22},{"time":8.3333,"x":84.25,"y":61.87},{"time":8.4333,"x":84.25,"y":39.44},{"time":8.6333,"x":110.12,"y":25.64},{"time":9.3333,"x":144.62,"y":139.49},{"time":9.6666,"x":101.5,"y":72.22},{"time":9.8333,"x":84.25,"y":61.87},{"time":9.9333,"x":84.25,"y":39.44},{"time":10.1333,"x":110.12,"y":25.64},{"time":10.8333,"x":144.62,"y":139.49},{"time":11.2666,"x":101.5,"y":72.22},{"time":11.4333,"x":84.25,"y":61.87},{"time":11.5333,"x":84.25,"y":39.44},{"time":11.7333,"x":110.12,"y":25.64},{"time":12,"x":101.5,"y":72.22}]},"hand3":{"translate":[{"time":0,"x":111.26,"y":87.83},{"time":1,"x":67.5,"y":49.22},{"time":3.3,"x":85.52,"y":0.32},{"time":5.1666,"x":88.09,"y":54.37},{"time":6.8333,"x":108.68,"y":74.96},{"time":8.5,"x":82.94,"y":69.82},{"time":12,"x":111.26,"y":87.83}]},"hand2":{"translate":[{"time":0,"x":-158.11,"y":101.5,"curve":"stepped"},{"time":0.1666,"x":-158.11,"y":101.5},{"time":0.7,"x":-114.53,"y":77.89},{"time":1.2333,"x":-132.73,"y":80.03},{"time":1.8333,"x":-125.98,"y":45.41},{"time":2.3333,"x":-158.11,"y":101.5},{"time":2.8,"x":-147.9,"y":131.5},{"time":3.3,"x":-152.96,"y":152.98},{"time":3.8333,"x":-124.64,"y":70.32},{"time":4.5,"x":-129.79,"y":88.63},{"time":5.2,"x":-121.05,"y":20.21},{"time":5.9333,"x":-106.63,"y":106.65},{"time":6.5666,"x":-128.57,"y":83.97},{"time":7.3333,"x":-132.37,"y":96.35},{"time":8.1666,"x":-101.98,"y":86.51},{"time":9.2333,"x":-145.24,"y":68.04},{"time":9.7,"x":-114.66,"y":74.59},{"time":10.3333,"x":-158.11,"y":168.42},{"time":11.0333,"x":-134.94,"y":52.8},{"time":12,"x":-158.11,"y":101.5}]},"hand4":{"translate":[{"time":0,"x":-60.51,"y":105.4},{"time":0.8333,"x":-74.17,"y":101.5},{"time":1.6666,"x":-78.07,"y":126.88,"curve":[0.035,0.99,0.474,0.98]},{"time":2.6666,"x":-60.51,"y":105.4},{"time":4.6,"x":-114.56,"y":69.37},{"time":6.3,"x":-55.36,"y":133.72},{"time":8.3666,"x":-75.95,"y":141.44},{"time":12,"x":-60.51,"y":105.4}]},"antena":{"rotate":[{"time":0,"angle":27.43,"curve":[0,0.76,0.75,1]},{"time":0.3333,"angle":-14.78,"curve":[0.07,0,0.75,1]},{"time":0.6666,"angle":27.43,"curve":[0,0.76,0.75,1]},{"time":1,"angle":-14.78,"curve":[0.07,0,0.75,1]},{"time":1.3333,"angle":27.43,"curve":[0,0.76,0.75,1]},{"time":1.6666,"angle":-14.78,"curve":[0.07,0,0.75,1]},{"time":2,"angle":27.43,"curve":[0,0.76,0.75,1]},{"time":2.3333,"angle":-14.78,"curve":[0.07,0,0.75,1]},{"time":2.6666,"angle":27.43,"curve":[0,0.76,0.75,1]},{"time":3,"angle":-14.78,"curve":[0.07,0,0.75,1]},{"time":3.3333,"angle":27.43,"curve":[0,0.76,0.75,1]},{"time":3.6666,"angle":-14.78,"curve":[0.07,0,0.75,1]},{"time":4,"angle":27.43,"curve":[0,0.76,0.75,1]},{"time":4.3333,"angle":-14.78,"curve":[0.07,0,0.75,1]},{"time":4.6666,"angle":27.43,"curve":[0,0.76,0.75,1]},{"time":5,"angle":-14.78,"curve":[0.07,0,0.75,1]},{"time":5.3333,"angle":27.43,"curve":[0,0.76,0.75,1]},{"time":5.6666,"angle":-14.78,"curve":[0.07,0,0.75,1]},{"time":6,"angle":27.43,"curve":[0,0.76,0.75,1]},{"time":6.3333,"angle":-14.78,"curve":[0.07,0,0.75,1]},{"time":6.6666,"angle":27.43,"curve":[0,0.76,0.75,1]},{"time":7,"angle":-14.78,"curve":[0.07,0,0.75,1]},{"time":7.3333,"angle":27.43,"curve":[0,0.76,0.75,1]},{"time":7.6666,"angle":-14.78,"curve":[0.07,0,0.75,1]},{"time":8,"angle":27.43,"curve":[0,0.76,0.75,1]},{"time":8.3333,"angle":-14.78,"curve":[0.07,0,0.75,1]},{"time":8.6666,"angle":27.43,"curve":[0,0.76,0.75,1]},{"time":9,"angle":-14.78,"curve":[0.07,0,0.75,1]},{"time":9.3333,"angle":27.43,"curve":[0,0.76,0.75,1]},{"time":9.6666,"angle":-14.78,"curve":[0.07,0,0.75,1]},{"time":10,"angle":27.43,"curve":[0,0.76,0.75,1]},{"time":10.3333,"angle":-14.78,"curve":[0.07,0,0.75,1]},{"time":10.6666,"angle":27.43,"curve":[0,0.76,0.75,1]},{"time":11,"angle":-14.78,"curve":[0.07,0,0.75,1]},{"time":11.3333,"angle":27.43,"curve":[0,0.76,0.75,1]},{"time":11.6666,"angle":-14.78,"curve":[0.07,0,0.75,1]},{"time":12,"angle":27.43,"curve":[0,0.76,0.75,1]},{"time":12.3333,"angle":-14.78,"curve":[0.07,0,0.75,1]},{"time":12.6666,"angle":27.43,"curve":[0,0.76,0.75,1]},{"time":13,"angle":-14.78,"curve":[0.07,0,0.75,1]},{"time":13.3333,"angle":27.43,"curve":[0,0.76,0.75,1]},{"time":13.6666,"angle":-14.78,"curve":[0.07,0,0.75,1]},{"time":14,"angle":27.43,"curve":[0,0.76,0.75,1]},{"time":14.3333,"angle":-14.78,"curve":[0.07,0,0.75,1]},{"time":14.6666,"angle":27.43,"curve":[0,0.76,0.75,1]},{"time":15,"angle":-14.78,"curve":[0.07,0,0.75,1]},{"time":15.3333,"angle":27.43,"curve":[0,0.76,0.75,1]},{"time":15.6666,"angle":-14.78,"curve":[0.07,0,0.75,1]},{"time":16,"angle":27.43,"curve":[0,0.76,0.75,1]},{"time":16.3333,"angle":-14.78,"curve":[0.07,0,0.75,1]},{"time":16.6666,"angle":27.43,"curve":[0,0.76,0.75,1]},{"time":17,"angle":-14.78,"curve":[0.07,0,0.75,1]},{"time":17.3333,"angle":27.43,"curve":[0,0.76,0.75,1]},{"time":17.6666,"angle":-14.78,"curve":[0.07,0,0.75,1]},{"time":18,"angle":27.43,"curve":[0,0.76,0.75,1]},{"time":18.3333,"angle":-14.78,"curve":[0.07,0,0.75,1]},{"time":18.6666,"angle":27.43,"curve":[0,0.76,0.75,1]},{"time":19,"angle":-14.78,"curve":[0.07,0,0.75,1]},{"time":19.3333,"angle":27.43,"curve":[0,0.76,0.75,1]},{"time":19.6666,"angle":-14.78,"curve":[0.07,0,0.75,1]},{"time":20,"angle":27.43,"curve":[0,0.76,0.75,1]},{"time":20.3333,"angle":-14.78,"curve":[0.07,0,0.75,1]},{"time":20.6666,"angle":27.43,"curve":[0,0.76,0.75,1]},{"time":21,"angle":-14.78}]},"pupil1b":{"translate":[{"time":0,"x":12,"y":12.67,"curve":"stepped"},{"time":1,"x":12,"y":12.67,"curve":"stepped"},{"time":1.4666,"x":12,"y":12.67,"curve":[0,0.29,0.551,0.99]},{"time":1.6666,"x":12,"y":-35.45},{"time":1.8666,"x":12,"y":12.67,"curve":[0,0.29,0.551,0.99]},{"time":2.0666,"x":12,"y":-35.45},{"time":2.2666,"x":12,"y":12.67,"curve":[0,0.29,0.551,0.99]},{"time":2.4666,"x":12,"y":-35.45},{"time":2.6666,"x":12,"y":12.67,"curve":[0,0.29,0.551,0.99]},{"time":2.8666,"x":12,"y":-35.45},{"time":3.0666,"x":12,"y":12.67,"curve":[0,0.29,0.551,0.99]},{"time":3.2666,"x":12,"y":-35.45},{"time":3.4666,"x":12,"y":12.67,"curve":[0,0.29,0.551,0.99]},{"time":3.6666,"x":12,"y":-35.45},{"time":3.8666,"x":12,"y":12.67,"curve":[0,0.29,0.551,0.99]},{"time":4.0666,"x":12,"y":-35.45},{"time":4.2666,"x":12,"y":12.67,"curve":[0,0.29,0.551,0.99]},{"time":4.4666,"x":12,"y":-35.45,"curve":"stepped"},{"time":5,"x":12,"y":-35.45,"curve":"stepped"},{"time":5.6666,"x":12,"y":-35.45,"curve":"stepped"},{"time":5.7333,"x":12,"y":12.67,"curve":"stepped"},{"time":6.1,"x":12,"y":12.67,"curve":"stepped"},{"time":7.1,"x":12,"y":12.67,"curve":"stepped"},{"time":7.5666,"x":12,"y":12.67,"curve":[0,0.29,0.551,0.99]},{"time":7.7666,"x":12,"y":-35.45},{"time":7.9666,"x":12,"y":12.67,"curve":[0,0.29,0.551,0.99]},{"time":8.1666,"x":12,"y":-35.45},{"time":8.3666,"x":12,"y":12.67,"curve":[0,0.29,0.551,0.99]},{"time":8.5666,"x":12,"y":-35.45},{"time":8.7666,"x":12,"y":12.67,"curve":[0,0.29,0.551,0.99]},{"time":8.9666,"x":12,"y":-35.45},{"time":9.1666,"x":12,"y":12.67,"curve":[0,0.29,0.551,0.99]},{"time":9.3666,"x":12,"y":-35.45},{"time":9.5666,"x":12,"y":12.67,"curve":[0,0.29,0.551,0.99]},{"time":9.7666,"x":12,"y":-35.45},{"time":9.9666,"x":12,"y":12.67,"curve":[0,0.29,0.551,0.99]},{"time":10.1666,"x":12,"y":-35.45},{"time":10.3666,"x":12,"y":12.67,"curve":[0,0.29,0.551,0.99]},{"time":10.5666,"x":12,"y":-35.45,"curve":"stepped"},{"time":11.1,"x":12,"y":-35.45,"curve":"stepped"},{"time":11.7666,"x":12,"y":-35.45,"curve":"stepped"},{"time":11.8,"x":12,"y":12.67}],"scale":[{"time":1.3,"x":1,"y":1,"curve":[0,0.74,0.75,1]},{"time":1.4666,"x":0.2,"y":0.2,"curve":"stepped"},{"time":5,"x":0.199,"y":0.199,"curve":[0,0.57,0.75,1]},{"time":5.2,"x":1,"y":1,"curve":"stepped"},{"time":7.4,"x":1,"y":1,"curve":[0,0.74,0.75,1]},{"time":7.5666,"x":0.2,"y":0.2,"curve":"stepped"},{"time":11.1,"x":0.199,"y":0.199,"curve":[0,0.57,0.75,1]},{"time":11.3,"x":1,"y":1}]},"pupil2b":{"translate":[{"time":0,"x":12,"y":12.67,"curve":"stepped"},{"time":1,"x":12,"y":12.67,"curve":"stepped"},{"time":1.4666,"x":12,"y":12.67,"curve":[0,0.29,0.551,0.99]},{"time":1.6666,"x":12,"y":-35.45},{"time":1.8666,"x":12,"y":12.67,"curve":[0,0.29,0.551,0.99]},{"time":2.0666,"x":12,"y":-35.45},{"time":2.2666,"x":12,"y":12.67,"curve":[0,0.29,0.551,0.99]},{"time":2.4666,"x":12,"y":-35.45},{"time":2.6666,"x":12,"y":12.67,"curve":[0,0.29,0.551,0.99]},{"time":2.8666,"x":12,"y":-35.45},{"time":3.0666,"x":12,"y":12.67,"curve":[0,0.29,0.551,0.99]},{"time":3.2666,"x":12,"y":-35.45},{"time":3.4666,"x":12,"y":12.67,"curve":[0,0.29,0.551,0.99]},{"time":3.6666,"x":12,"y":-35.45},{"time":3.8666,"x":12,"y":12.67,"curve":[0,0.29,0.551,0.99]},{"time":4.0666,"x":12,"y":-35.45},{"time":4.2666,"x":12,"y":12.67,"curve":[0,0.29,0.551,0.99]},{"time":4.4666,"x":12,"y":-35.45,"curve":"stepped"},{"time":5,"x":12,"y":-35.45},{"time":5.2,"x":12,"y":-29.43,"curve":"stepped"},{"time":5.7,"x":12,"y":-29.43,"curve":"stepped"},{"time":5.7333,"x":12,"y":12.67,"curve":"stepped"},{"time":6.1,"x":12,"y":12.67,"curve":"stepped"},{"time":7.1,"x":12,"y":12.67,"curve":"stepped"},{"time":7.5666,"x":12,"y":12.67,"curve":[0,0.29,0.551,0.99]},{"time":7.7666,"x":12,"y":-35.45},{"time":7.9666,"x":12,"y":12.67,"curve":[0,0.29,0.551,0.99]},{"time":8.1666,"x":12,"y":-35.45},{"time":8.3666,"x":12,"y":12.67,"curve":[0,0.29,0.551,0.99]},{"time":8.5666,"x":12,"y":-35.45},{"time":8.7666,"x":12,"y":12.67,"curve":[0,0.29,0.551,0.99]},{"time":8.9666,"x":12,"y":-35.45},{"time":9.1666,"x":12,"y":12.67,"curve":[0,0.29,0.551,0.99]},{"time":9.3666,"x":12,"y":-35.45},{"time":9.5666,"x":12,"y":12.67,"curve":[0,0.29,0.551,0.99]},{"time":9.7666,"x":12,"y":-35.45},{"time":9.9666,"x":12,"y":12.67,"curve":[0,0.29,0.551,0.99]},{"time":10.1666,"x":12,"y":-35.45},{"time":10.3666,"x":12,"y":12.67,"curve":[0,0.29,0.551,0.99]},{"time":10.5666,"x":12,"y":-35.45,"curve":"stepped"},{"time":11.1,"x":12,"y":-35.45},{"time":11.3,"x":12,"y":-29.43,"curve":"stepped"},{"time":11.7666,"x":12,"y":-29.43,"curve":"stepped"},{"time":11.8,"x":12,"y":12.67}],"scale":[{"time":1.3,"x":1,"y":1,"curve":[0,0.74,0.75,1]},{"time":1.4666,"x":0.3,"y":0.3},{"time":5,"x":0.199,"y":0.199,"curve":[0,0.57,0.75,1]},{"time":5.2,"x":1,"y":1,"curve":"stepped"},{"time":7.4,"x":1,"y":1,"curve":[0,0.74,0.75,1]},{"time":7.5666,"x":0.3,"y":0.3},{"time":11.1,"x":0.199,"y":0.199,"curve":[0,0.57,0.75,1]},{"time":11.3,"x":1,"y":1}]},"head":{"translate":[{"time":5.2666,"x":0,"y":0,"curve":[0,0.58,0.75,1]},{"time":5.6666,"x":0,"y":-28.57,"curve":"stepped"},{"time":5.7333,"x":0,"y":-28.57,"curve":[0,0.52,0.75,1]},{"time":6,"x":0,"y":0,"curve":"stepped"},{"time":11.3333,"x":0,"y":0,"curve":[0,0.58,0.75,1]},{"time":11.7333,"x":0,"y":-28.57,"curve":"stepped"},{"time":11.8,"x":0,"y":-28.57,"curve":[0,0.52,0.75,1]},{"time":12.0666,"x":0,"y":0}],"flipX":[{"time":5.7},{"time":5.7333,"x":true},{"time":11.7666,"x":true},{"time":11.8},{"time":12}]},"body":{"translate":[{"time":0,"x":0,"y":0,"curve":[0,0.2,0.75,1]},{"time":1.2,"x":0,"y":12.07},{"time":2.4,"x":0,"y":0,"curve":[0,0.2,0.75,1]},{"time":3.6,"x":0,"y":12.07},{"time":4.8,"x":0,"y":0,"curve":[0,0.2,0.75,1]},{"time":6,"x":0,"y":12.07},{"time":7.2,"x":0,"y":0,"curve":[0,0.2,0.75,1]},{"time":8.4,"x":0,"y":12.07},{"time":9.6,"x":0,"y":0,"curve":[0,0.2,0.75,1]},{"time":11.1,"x":0,"y":12.07},{"time":11.9666,"x":0,"y":0}]}},"ffd":{"default":{"antena":{"antena":[{"time":0,"vertices":[-7.20013,14.04322,0,0,0,0,0,0,0,0,0,0,0,0,0,0,0,0,-7.12078,3.86712,-3.90472,-1.77429,-0.62811,-1.01023,0,0,0,0,0,0,0,0,0,0,-1.42608,14.48103,-3.57373,15.75302],"curve":[0,0.26,0.75,1]},{"time":0.3333,"vertices":[-4.5216,-14.21331,0,0,0,0,0,0,0,0,0,0,0,0,-1.20788,-0.90609,-5.19232,-3.14529,0,0,0,0,0,0,0,0,0,0,0,0,0,0,0,0,-8.88739,-12.22525,-7.83648,-14.00592],"curve":[0.863,0,0.75,1]},{"time":0.6666,"vertices":[-7.20013,14.04322,0,0,0,0,0,0,0,0,0,0,0,0,0,0,0,0,-7.12078,3.86712,-3.90472,-1.77429,-0.62811,-1.01023,0,0,0,0,0,0,0,0,0,0,-1.42608,14.48103,-3.57373,15.75302],"curve":[0,0.26,0.75,1]},{"time":1,"vertices":[-4.5216,-14.21331,0,0,0,0,0,0,0,0,0,0,0,0,-1.20788,-0.90609,-5.19232,-3.14529,0,0,0,0,0,0,0,0,0,0,0,0,0,0,0,0,-8.88739,-12.22525,-7.83648,-14.00592],"curve":[0.863,0,0.75,1]},{"time":1.3333,"vertices":[-7.20013,14.04322,0,0,0,0,0,0,0,0,0,0,0,0,0,0,0,0,-7.12078,3.86712,-3.90472,-1.77429,-0.62811,-1.01023,0,0,0,0,0,0,0,0,0,0,-1.42608,14.48103,-3.57373,15.75302],"curve":[0,0.26,0.75,1]},{"time":1.6666,"vertices":[-4.5216,-14.21331,0,0,0,0,0,0,0,0,0,0,0,0,-1.20788,-0.90609,-5.19232,-3.14529,0,0,0,0,0,0,0,0,0,0,0,0,0,0,0,0,-8.88739,-12.22525,-7.83648,-14.00592],"curve":[0.863,0,0.75,1]},{"time":2,"vertices":[-7.20013,14.04322,0,0,0,0,0,0,0,0,0,0,0,0,0,0,0,0,-7.12078,3.86712,-3.90472,-1.77429,-0.62811,-1.01023,0,0,0,0,0,0,0,0,0,0,-1.42608,14.48103,-3.57373,15.75302],"curve":[0,0.26,0.75,1]},{"time":2.3333,"vertices":[-4.5216,-14.21331,0,0,0,0,0,0,0,0,0,0,0,0,-1.20788,-0.90609,-5.19232,-3.14529,0,0,0,0,0,0,0,0,0,0,0,0,0,0,0,0,-8.88739,-12.22525,-7.83648,-14.00592],"curve":[0.863,0,0.75,1]},{"time":2.6666,"vertices":[-7.20013,14.04322,0,0,0,0,0,0,0,0,0,0,0,0,0,0,0,0,-7.12078,3.86712,-3.90472,-1.77429,-0.62811,-1.01023,0,0,0,0,0,0,0,0,0,0,-1.42608,14.48103,-3.57373,15.75302],"curve":[0,0.26,0.75,1]},{"time":3,"vertices":[-4.5216,-14.21331,0,0,0,0,0,0,0,0,0,0,0,0,-1.20788,-0.90609,-5.19232,-3.14529,0,0,0,0,0,0,0,0,0,0,0,0,0,0,0,0,-8.88739,-12.22525,-7.83648,-14.00592],"curve":[0.863,0,0.75,1]},{"time":3.3333,"vertices":[-7.20013,14.04322,0,0,0,0,0,0,0,0,0,0,0,0,0,0,0,0,-7.12078,3.86712,-3.90472,-1.77429,-0.62811,-1.01023,0,0,0,0,0,0,0,0,0,0,-1.42608,14.48103,-3.57373,15.75302],"curve":[0,0.26,0.75,1]},{"time":3.6666,"vertices":[-4.5216,-14.21331,0,0,0,0,0,0,0,0,0,0,0,0,-1.20788,-0.90609,-5.19232,-3.14529,0,0,0,0,0,0,0,0,0,0,0,0,0,0,0,0,-8.88739,-12.22525,-7.83648,-14.00592],"curve":[0.863,0,0.75,1]},{"time":4,"vertices":[-7.20013,14.04322,0,0,0,0,0,0,0,0,0,0,0,0,0,0,0,0,-7.12078,3.86712,-3.90472,-1.77429,-0.62811,-1.01023,0,0,0,0,0,0,0,0,0,0,-1.42608,14.48103,-3.57373,15.75302],"curve":[0,0.26,0.75,1]},{"time":4.3333,"vertices":[-4.5216,-14.21331,0,0,0,0,0,0,0,0,0,0,0,0,-1.20788,-0.90609,-5.19232,-3.14529,0,0,0,0,0,0,0,0,0,0,0,0,0,0,0,0,-8.88739,-12.22525,-7.83648,-14.00592],"curve":[0.863,0,0.75,1]},{"time":4.6666,"vertices":[-7.20013,14.04322,0,0,0,0,0,0,0,0,0,0,0,0,0,0,0,0,-7.12078,3.86712,-3.90472,-1.77429,-0.62811,-1.01023,0,0,0,0,0,0,0,0,0,0,-1.42608,14.48103,-3.57373,15.75302],"curve":[0,0.26,0.75,1]},{"time":5,"vertices":[-4.5216,-14.21331,0,0,0,0,0,0,0,0,0,0,0,0,-1.20788,-0.90609,-5.19232,-3.14529,0,0,0,0,0,0,0,0,0,0,0,0,0,0,0,0,-8.88739,-12.22525,-7.83648,-14.00592],"curve":[0.863,0,0.75,1]},{"time":5.3333,"vertices":[-7.20013,14.04322,0,0,0,0,0,0,0,0,0,0,0,0,0,0,0,0,-7.12078,3.86712,-3.90472,-1.77429,-0.62811,-1.01023,0,0,0,0,0,0,0,0,0,0,-1.42608,14.48103,-3.57373,15.75302],"curve":[0,0.26,0.75,1]},{"time":5.6666,"vertices":[-4.5216,-14.21331,0,0,0,0,0,0,0,0,0,0,0,0,-1.20788,-0.90609,-5.19232,-3.14529,0,0,0,0,0,0,0,0,0,0,0,0,0,0,0,0,-8.88739,-12.22525,-7.83648,-14.00592],"curve":[0.863,0,0.75,1]},{"time":6,"vertices":[-7.20013,14.04322,0,0,0,0,0,0,0,0,0,0,0,0,0,0,0,0,-7.12078,3.86712,-3.90472,-1.77429,-0.62811,-1.01023,0,0,0,0,0,0,0,0,0,0,-1.42608,14.48103,-3.57373,15.75302],"curve":[0,0.26,0.75,1]},{"time":6.3333,"vertices":[-4.5216,-14.21331,0,0,0,0,0,0,0,0,0,0,0,0,-1.20788,-0.90609,-5.19232,-3.14529,0,0,0,0,0,0,0,0,0,0,0,0,0,0,0,0,-8.88739,-12.22525,-7.83648,-14.00592],"curve":[0.863,0,0.75,1]},{"time":6.6666,"vertices":[-7.20013,14.04322,0,0,0,0,0,0,0,0,0,0,0,0,0,0,0,0,-7.12078,3.86712,-3.90472,-1.77429,-0.62811,-1.01023,0,0,0,0,0,0,0,0,0,0,-1.42608,14.48103,-3.57373,15.75302],"curve":[0,0.26,0.75,1]},{"time":7,"vertices":[-4.5216,-14.21331,0,0,0,0,0,0,0,0,0,0,0,0,-1.20788,-0.90609,-5.19232,-3.14529,0,0,0,0,0,0,0,0,0,0,0,0,0,0,0,0,-8.88739,-12.22525,-7.83648,-14.00592],"curve":[0.863,0,0.75,1]},{"time":7.3333,"vertices":[-7.20013,14.04322,0,0,0,0,0,0,0,0,0,0,0,0,0,0,0,0,-7.12078,3.86712,-3.90472,-1.77429,-0.62811,-1.01023,0,0,0,0,0,0,0,0,0,0,-1.42608,14.48103,-3.57373,15.75302],"curve":[0,0.26,0.75,1]},{"time":7.6666,"vertices":[-4.5216,-14.21331,0,0,0,0,0,0,0,0,0,0,0,0,-1.20788,-0.90609,-5.19232,-3.14529,0,0,0,0,0,0,0,0,0,0,0,0,0,0,0,0,-8.88739,-12.22525,-7.83648,-14.00592],"curve":[0.863,0,0.75,1]},{"time":8,"vertices":[-7.20013,14.04322,0,0,0,0,0,0,0,0,0,0,0,0,0,0,0,0,-7.12078,3.86712,-3.90472,-1.77429,-0.62811,-1.01023,0,0,0,0,0,0,0,0,0,0,-1.42608,14.48103,-3.57373,15.75302],"curve":[0,0.26,0.75,1]},{"time":8.3333,"vertices":[-4.5216,-14.21331,0,0,0,0,0,0,0,0,0,0,0,0,-1.20788,-0.90609,-5.19232,-3.14529,0,0,0,0,0,0,0,0,0,0,0,0,0,0,0,0,-8.88739,-12.22525,-7.83648,-14.00592],"curve":[0.863,0,0.75,1]},{"time":8.6666,"vertices":[-7.20013,14.04322,0,0,0,0,0,0,0,0,0,0,0,0,0,0,0,0,-7.12078,3.86712,-3.90472,-1.77429,-0.62811,-1.01023,0,0,0,0,0,0,0,0,0,0,-1.42608,14.48103,-3.57373,15.75302],"curve":[0,0.26,0.75,1]},{"time":9,"vertices":[-4.5216,-14.21331,0,0,0,0,0,0,0,0,0,0,0,0,-1.20788,-0.90609,-5.19232,-3.14529,0,0,0,0,0,0,0,0,0,0,0,0,0,0,0,0,-8.88739,-12.22525,-7.83648,-14.00592],"curve":[0.863,0,0.75,1]},{"time":9.3333,"vertices":[-7.20013,14.04322,0,0,0,0,0,0,0,0,0,0,0,0,0,0,0,0,-7.12078,3.86712,-3.90472,-1.77429,-0.62811,-1.01023,0,0,0,0,0,0,0,0,0,0,-1.42608,14.48103,-3.57373,15.75302],"curve":[0,0.26,0.75,1]},{"time":9.6666,"vertices":[-4.5216,-14.21331,0,0,0,0,0,0,0,0,0,0,0,0,-1.20788,-0.90609,-5.19232,-3.14529,0,0,0,0,0,0,0,0,0,0,0,0,0,0,0,0,-8.88739,-12.22525,-7.83648,-14.00592],"curve":[0.863,0,0.75,1]},{"time":10,"vertices":[-7.20013,14.04322,0,0,0,0,0,0,0,0,0,0,0,0,0,0,0,0,-7.12078,3.86712,-3.90472,-1.77429,-0.62811,-1.01023,0,0,0,0,0,0,0,0,0,0,-1.42608,14.48103,-3.57373,15.75302],"curve":[0,0.26,0.75,1]},{"time":10.3333,"vertices":[-4.5216,-14.21331,0,0,0,0,0,0,0,0,0,0,0,0,-1.20788,-0.90609,-5.19232,-3.14529,0,0,0,0,0,0,0,0,0,0,0,0,0,0,0,0,-8.88739,-12.22525,-7.83648,-14.00592],"curve":[0.863,0,0.75,1]},{"time":10.6666,"vertices":[-7.20013,14.04322,0,0,0,0,0,0,0,0,0,0,0,0,0,0,0,0,-7.12078,3.86712,-3.90472,-1.77429,-0.62811,-1.01023,0,0,0,0,0,0,0,0,0,0,-1.42608,14.48103,-3.57373,15.75302],"curve":[0,0.26,0.75,1]},{"time":11,"vertices":[-4.5216,-14.21331,0,0,0,0,0,0,0,0,0,0,0,0,-1.20788,-0.90609,-5.19232,-3.14529,0,0,0,0,0,0,0,0,0,0,0,0,0,0,0,0,-8.88739,-12.22525,-7.83648,-14.00592],"curve":[0.863,0,0.75,1]},{"time":11.3333,"vertices":[-7.20013,14.04322,0,0,0,0,0,0,0,0,0,0,0,0,0,0,0,0,-7.12078,3.86712,-3.90472,-1.77429,-0.62811,-1.01023,0,0,0,0,0,0,0,0,0,0,-1.42608,14.48103,-3.57373,15.75302],"curve":[0,0.26,0.75,1]},{"time":11.6666,"vertices":[-4.5216,-14.21331,0,0,0,0,0,0,0,0,0,0,0,0,-1.20788,-0.90609,-5.19232,-3.14529,0,0,0,0,0,0,0,0,0,0,0,0,0,0,0,0,-8.88739,-12.22525,-7.83648,-14.00592],"curve":[0.863,0,0.75,1]},{"time":12,"vertices":[-7.20013,14.04322,0,0,0,0,0,0,0,0,0,0,0,0,0,0,0,0,-7.12078,3.86712,-3.90472,-1.77429,-0.62811,-1.01023,0,0,0,0,0,0,0,0,0,0,-1.42608,14.48103,-3.57373,15.75302],"curve":[0,0.26,0.75,1]},{"time":12.3333,"vertices":[-4.5216,-14.21331,0,0,0,0,0,0,0,0,0,0,0,0,-1.20788,-0.90609,-5.19232,-3.14529,0,0,0,0,0,0,0,0,0,0,0,0,0,0,0,0,-8.88739,-12.22525,-7.83648,-14.00592],"curve":[0.863,0,0.75,1]},{"time":12.6666,"vertices":[-7.20013,14.04322,0,0,0,0,0,0,0,0,0,0,0,0,0,0,0,0,-7.12078,3.86712,-3.90472,-1.77429,-0.62811,-1.01023,0,0,0,0,0,0,0,0,0,0,-1.42608,14.48103,-3.57373,15.75302],"curve":[0,0.26,0.75,1]},{"time":13,"vertices":[-4.5216,-14.21331,0,0,0,0,0,0,0,0,0,0,0,0,-1.20788,-0.90609,-5.19232,-3.14529,0,0,0,0,0,0,0,0,0,0,0,0,0,0,0,0,-8.88739,-12.22525,-7.83648,-14.00592],"curve":[0.863,0,0.75,1]},{"time":13.3333,"vertices":[-7.20013,14.04322,0,0,0,0,0,0,0,0,0,0,0,0,0,0,0,0,-7.12078,3.86712,-3.90472,-1.77429,-0.62811,-1.01023,0,0,0,0,0,0,0,0,0,0,-1.42608,14.48103,-3.57373,15.75302],"curve":[0,0.26,0.75,1]},{"time":13.6666,"vertices":[-4.5216,-14.21331,0,0,0,0,0,0,0,0,0,0,0,0,-1.20788,-0.90609,-5.19232,-3.14529,0,0,0,0,0,0,0,0,0,0,0,0,0,0,0,0,-8.88739,-12.22525,-7.83648,-14.00592],"curve":[0.863,0,0.75,1]},{"time":14,"vertices":[-7.20013,14.04322,0,0,0,0,0,0,0,0,0,0,0,0,0,0,0,0,-7.12078,3.86712,-3.90472,-1.77429,-0.62811,-1.01023,0,0,0,0,0,0,0,0,0,0,-1.42608,14.48103,-3.57373,15.75302],"curve":[0,0.26,0.75,1]},{"time":14.3333,"vertices":[-4.5216,-14.21331,0,0,0,0,0,0,0,0,0,0,0,0,-1.20788,-0.90609,-5.19232,-3.14529,0,0,0,0,0,0,0,0,0,0,0,0,0,0,0,0,-8.88739,-12.22525,-7.83648,-14.00592],"curve":[0.863,0,0.75,1]},{"time":14.6666,"vertices":[-7.20013,14.04322,0,0,0,0,0,0,0,0,0,0,0,0,0,0,0,0,-7.12078,3.86712,-3.90472,-1.77429,-0.62811,-1.01023,0,0,0,0,0,0,0,0,0,0,-1.42608,14.48103,-3.57373,15.75302],"curve":[0,0.26,0.75,1]},{"time":15,"vertices":[-4.5216,-14.21331,0,0,0,0,0,0,0,0,0,0,0,0,-1.20788,-0.90609,-5.19232,-3.14529,0,0,0,0,0,0,0,0,0,0,0,0,0,0,0,0,-8.88739,-12.22525,-7.83648,-14.00592],"curve":[0.863,0,0.75,1]},{"time":15.3333,"vertices":[-7.20013,14.04322,0,0,0,0,0,0,0,0,0,0,0,0,0,0,0,0,-7.12078,3.86712,-3.90472,-1.77429,-0.62811,-1.01023,0,0,0,0,0,0,0,0,0,0,-1.42608,14.48103,-3.57373,15.75302],"curve":[0,0.26,0.75,1]},{"time":15.6666,"vertices":[-4.5216,-14.21331,0,0,0,0,0,0,0,0,0,0,0,0,-1.20788,-0.90609,-5.19232,-3.14529,0,0,0,0,0,0,0,0,0,0,0,0,0,0,0,0,-8.88739,-12.22525,-7.83648,-14.00592],"curve":[0.863,0,0.75,1]},{"time":16,"vertices":[-7.20013,14.04322,0,0,0,0,0,0,0,0,0,0,0,0,0,0,0,0,-7.12078,3.86712,-3.90472,-1.77429,-0.62811,-1.01023,0,0,0,0,0,0,0,0,0,0,-1.42608,14.48103,-3.57373,15.75302],"curve":[0,0.26,0.75,1]},{"time":16.3333,"vertices":[-4.5216,-14.21331,0,0,0,0,0,0,0,0,0,0,0,0,-1.20788,-0.90609,-5.19232,-3.14529,0,0,0,0,0,0,0,0,0,0,0,0,0,0,0,0,-8.88739,-12.22525,-7.83648,-14.00592],"curve":[0.863,0,0.75,1]},{"time":16.6666,"vertices":[-7.20013,14.04322,0,0,0,0,0,0,0,0,0,0,0,0,0,0,0,0,-7.12078,3.86712,-3.90472,-1.77429,-0.62811,-1.01023,0,0,0,0,0,0,0,0,0,0,-1.42608,14.48103,-3.57373,15.75302],"curve":[0,0.26,0.75,1]},{"time":17,"vertices":[-4.5216,-14.21331,0,0,0,0,0,0,0,0,0,0,0,0,-1.20788,-0.90609,-5.19232,-3.14529,0,0,0,0,0,0,0,0,0,0,0,0,0,0,0,0,-8.88739,-12.22525,-7.83648,-14.00592],"curve":[0.863,0,0.75,1]},{"time":17.3333,"vertices":[-7.20013,14.04322,0,0,0,0,0,0,0,0,0,0,0,0,0,0,0,0,-7.12078,3.86712,-3.90472,-1.77429,-0.62811,-1.01023,0,0,0,0,0,0,0,0,0,0,-1.42608,14.48103,-3.57373,15.75302],"curve":[0,0.26,0.75,1]},{"time":17.6666,"vertices":[-4.5216,-14.21331,0,0,0,0,0,0,0,0,0,0,0,0,-1.20788,-0.90609,-5.19232,-3.14529,0,0,0,0,0,0,0,0,0,0,0,0,0,0,0,0,-8.88739,-12.22525,-7.83648,-14.00592],"curve":[0.863,0,0.75,1]},{"time":18,"vertices":[-7.20013,14.04322,0,0,0,0,0,0,0,0,0,0,0,0,0,0,0,0,-7.12078,3.86712,-3.90472,-1.77429,-0.62811,-1.01023,0,0,0,0,0,0,0,0,0,0,-1.42608,14.48103,-3.57373,15.75302],"curve":[0,0.26,0.75,1]},{"time":18.3333,"vertices":[-4.5216,-14.21331,0,0,0,0,0,0,0,0,0,0,0,0,-1.20788,-0.90609,-5.19232,-3.14529,0,0,0,0,0,0,0,0,0,0,0,0,0,0,0,0,-8.88739,-12.22525,-7.83648,-14.00592],"curve":[0.863,0,0.75,1]},{"time":18.6666,"vertices":[-7.20013,14.04322,0,0,0,0,0,0,0,0,0,0,0,0,0,0,0,0,-7.12078,3.86712,-3.90472,-1.77429,-0.62811,-1.01023,0,0,0,0,0,0,0,0,0,0,-1.42608,14.48103,-3.57373,15.75302],"curve":[0,0.26,0.75,1]},{"time":19,"vertices":[-4.5216,-14.21331,0,0,0,0,0,0,0,0,0,0,0,0,-1.20788,-0.90609,-5.19232,-3.14529,0,0,0,0,0,0,0,0,0,0,0,0,0,0,0,0,-8.88739,-12.22525,-7.83648,-14.00592],"curve":[0.863,0,0.75,1]},{"time":19.3333,"vertices":[-7.20013,14.04322,0,0,0,0,0,0,0,0,0,0,0,0,0,0,0,0,-7.12078,3.86712,-3.90472,-1.77429,-0.62811,-1.01023,0,0,0,0,0,0,0,0,0,0,-1.42608,14.48103,-3.57373,15.75302],"curve":[0,0.26,0.75,1]},{"time":19.6666,"vertices":[-4.5216,-14.21331,0,0,0,0,0,0,0,0,0,0,0,0,-1.20788,-0.90609,-5.19232,-3.14529,0,0,0,0,0,0,0,0,0,0,0,0,0,0,0,0,-8.88739,-12.22525,-7.83648,-14.00592],"curve":[0.863,0,0.75,1]},{"time":20,"vertices":[-7.20013,14.04322,0,0,0,0,0,0,0,0,0,0,0,0,0,0,0,0,-7.12078,3.86712,-3.90472,-1.77429,-0.62811,-1.01023,0,0,0,0,0,0,0,0,0,0,-1.42608,14.48103,-3.57373,15.75302],"curve":[0,0.26,0.75,1]},{"time":20.3333,"vertices":[-4.5216,-14.21331,0,0,0,0,0,0,0,0,0,0,0,0,-1.20788,-0.90609,-5.19232,-3.14529,0,0,0,0,0,0,0,0,0,0,0,0,0,0,0,0,-8.88739,-12.22525,-7.83648,-14.00592],"curve":[0.863,0,0.75,1]},{"time":20.6666,"vertices":[-7.20013,14.04322,0,0,0,0,0,0,0,0,0,0,0,0,0,0,0,0,-7.12078,3.86712,-3.90472,-1.77429,-0.62811,-1.01023,0,0,0,0,0,0,0,0,0,0,-1.42608,14.48103,-3.57373,15.75302],"curve":[0,0.26,0.75,1]},{"time":21,"vertices":[-4.5216,-14.21331,0,0,0,0,0,0,0,0,0,0,0,0,-1.20788,-0.90609,-5.19232,-3.14529,0,0,0,0,0,0,0,0,0,0,0,0,0,0,0,0,-8.88739,-12.22525,-7.83648,-14.00592]}]}}}},"wakeup":{"bones":{"body":{"translate":[{"time":0,"x":0,"y":-102.75,"curve":"stepped"},{"time":1.8666,"x":0,"y":-102.75,"curve":[0.601,1.16,0.705,1.96]},{"time":2.0666,"x":0,"y":-2.53}]},"hand1":{"rotate":[{"time":0,"angle":-165.18}],"translate":[{"time":0,"x":413.71,"y":-118.97,"curve":"stepped"},{"time":1.8333,"x":413.71,"y":-118.97},{"time":2.0333,"x":438.05,"y":2.71},{"time":2.2666,"x":410.33,"y":-18.76,"curve":"stepped"},{"time":2.4,"x":410.33,"y":-18.76},{"time":3,"x":122.07,"y":90.45},{"time":3.6666,"x":105.18,"y":109.6}]},"hand2":{"translate":[{"time":0,"x":-450.21,"y":-105.45,"curve":"stepped"},{"time":1.8333,"x":-450.21,"y":-105.45},{"time":2.0333,"x":-438,"y":-6.1},{"time":2.2666,"x":-460.34,"y":-9.74,"curve":"stepped"},{"time":2.7666,"x":-460.34,"y":-9.74},{"time":3.3666,"x":-202.82,"y":148.07},{"time":3.7,"x":-87.26,"y":51.73}]},"hand3":{"translate":[{"time":0,"x":411,"y":-83.82,"curve":"stepped"},{"time":1.8333,"x":411,"y":-83.82},{"time":2.0333,"x":420.79,"y":64.02},{"time":2.2666,"x":405.37,"y":24.27,"curve":"stepped"},{"time":2.8333,"x":405.37,"y":24.27},{"time":3.4333,"x":108.11,"y":83.94},{"time":3.9333,"x":129.5,"y":11.88},{"time":4.1,"x":99.1,"y":87.32}]},"hand4":{"translate":[{"time":0,"x":-394.78,"y":-36.5,"curve":"stepped"},{"time":1.8333,"x":-394.78,"y":-36.5},{"time":2.0333,"x":-368.19,"y":105.89},{"time":2.2666,"x":-412.79,"y":67.08,"curve":"stepped"},{"time":2.4,"x":-412.79,"y":67.08},{"time":3,"x":-85.39,"y":149.78},{"time":3.4,"x":-82.88,"y":112.12},{"time":3.8666,"x":-70.08,"y":53.63}]},"wheels":{"scale":[{"time":0,"x":0.945,"y":1}]},"arm3":{"translate":[{"time":0,"x":9.46,"y":0}]},"arm4":{"translate":[{"time":0,"x":-5.4,"y":0}]},"head":{"translate":[{"time":0,"x":0,"y":-270.39,"curve":"stepped"},{"time":2.0333,"x":0,"y":-270.39},{"time":2.2666,"x":0,"y":22.35},{"time":2.4,"x":0,"y":-3.53}]},"antena":{"rotate":[{"time":0,"angle":43.94,"curve":[0,0.75,0.75,1]},{"time":0.1,"angle":-6.08,"curve":[0.25,0,0.625,0.5]},{"time":0.1666,"angle":8.85,"curve":[0.375,0.5,0.75,1]},{"time":0.2333,"angle":43.94},{"time":0.3333,"angle":-6.08,"curve":[0.25,0,0.75,1]},{"time":0.4666,"angle":43.94},{"time":0.6,"angle":-6.08,"curve":[0.25,0,0.75,1]},{"time":0.7333,"angle":43.94},{"time":0.8333,"angle":-6.08,"curve":[0.25,0,0.75,1]},{"time":0.9666,"angle":43.94},{"time":1.1,"angle":-6.08,"curve":[0.25,0,0.75,1]},{"time":1.2333,"angle":43.94},{"time":1.3333,"angle":-6.08,"curve":[0.25,0,0.75,1]},{"time":1.4666,"angle":43.94},{"time":1.6,"angle":-6.08,"curve":[0.25,0,0.75,1]},{"time":1.7333,"angle":43.94},{"time":1.8333,"angle":-6.08,"curve":[0,1,0.639,2.72]},{"time":1.9666,"angle":3.6}]}},"ffd":{"default":{"antena":{"antena":[{"time":0,"vertices":[-1.62066,13.18446,0,0,0,0,0,0,0,0,0,0,0,0,0,0,0,0,0,0,0,0,0,0,0,0,0,0,0,0,0,0,0,0,2.30279,13.12907,0.93051,14.11798]},{"time":0.1,"vertices":[-2.09439,-18.23842,0,0,0,0,0,0,0,0,0,0,0,0,0,0,0,0,0,0,0,0,0,0,0,0,0,0,0,0,0,0,0,0,-4.92849,-17.22354,-4.17785,-18.28213]},{"time":0.2333,"vertices":[-1.62066,13.18446,0,0,0,0,0,0,0,0,0,0,0,0,0,0,0,0,0,0,0,0,0,0,0,0,0,0,0,0,0,0,0,0,2.30279,13.12907,0.93051,14.11798]},{"time":0.3333,"vertices":[-2.09439,-18.23842,0,0,0,0,0,0,0,0,0,0,0,0,0,0,0,0,0,0,0,0,0,0,0,0,0,0,0,0,0,0,0,0,-4.92849,-17.22354,-4.17785,-18.28213]},{"time":0.4666,"vertices":[-1.62066,13.18446,0,0,0,0,0,0,0,0,0,0,0,0,0,0,0,0,0,0,0,0,0,0,0,0,0,0,0,0,0,0,0,0,2.30279,13.12907,0.93051,14.11798]},{"time":0.6,"vertices":[-2.09439,-18.23842,0,0,0,0,0,0,0,0,0,0,0,0,0,0,0,0,0,0,0,0,0,0,0,0,0,0,0,0,0,0,0,0,-4.92849,-17.22354,-4.17785,-18.28213]},{"time":0.7333,"vertices":[-1.62066,13.18446,0,0,0,0,0,0,0,0,0,0,0,0,0,0,0,0,0,0,0,0,0,0,0,0,0,0,0,0,0,0,0,0,2.30279,13.12907,0.93051,14.11798]},{"time":0.8333,"vertices":[-2.09439,-18.23842,0,0,0,0,0,0,0,0,0,0,0,0,0,0,0,0,0,0,0,0,0,0,0,0,0,0,0,0,0,0,0,0,-4.92849,-17.22354,-4.17785,-18.28213]},{"time":0.9666,"vertices":[-1.62066,13.18446,0,0,0,0,0,0,0,0,0,0,0,0,0,0,0,0,0,0,0,0,0,0,0,0,0,0,0,0,0,0,0,0,2.30279,13.12907,0.93051,14.11798]},{"time":1.1,"vertices":[-2.09439,-18.23842,0,0,0,0,0,0,0,0,0,0,0,0,0,0,0,0,0,0,0,0,0,0,0,0,0,0,0,0,0,0,0,0,-4.92849,-17.22354,-4.17785,-18.28213]},{"time":1.2333,"vertices":[-1.62066,13.18446,0,0,0,0,0,0,0,0,0,0,0,0,0,0,0,0,0,0,0,0,0,0,0,0,0,0,0,0,0,0,0,0,2.30279,13.12907,0.93051,14.11798]},{"time":1.3333,"vertices":[-2.09439,-18.23842,0,0,0,0,0,0,0,0,0,0,0,0,0,0,0,0,0,0,0,0,0,0,0,0,0,0,0,0,0,0,0,0,-4.92849,-17.22354,-4.17785,-18.28213]},{"time":1.4666,"vertices":[-1.62066,13.18446,0,0,0,0,0,0,0,0,0,0,0,0,0,0,0,0,0,0,0,0,0,0,0,0,0,0,0,0,0,0,0,0,2.30279,13.12907,0.93051,14.11798]},{"time":1.6,"vertices":[-2.09439,-18.23842,0,0,0,0,0,0,0,0,0,0,0,0,0,0,0,0,0,0,0,0,0,0,0,0,0,0,0,0,0,0,0,0,-4.92849,-17.22354,-4.17785,-18.28213]},{"time":1.7333,"vertices":[-1.62066,13.18446,0,0,0,0,0,0,0,0,0,0,0,0,0,0,0,0,0,0,0,0,0,0,0,0,0,0,0,0,0,0,0,0,2.30279,13.12907,0.93051,14.11798]},{"time":1.8333,"vertices":[-2.09439,-18.23842,0,0,0,0,0,0,0,0,0,0,0,0,0,0,0,0,0,0,0,0,0,0,0,0,0,0,0,0,0,0,0,0,-4.92849,-17.22354,-4.17785,-18.28213]},{"time":1.9666}]}}},"drawOrder":[{"time":2.2666}]}}}