<?xml version="1.0" encoding="UTF-8" standalone="no"?><!DOCTYPE game-descriptor SYSTEM "descriptor.dtd">
<game-descriptor versionNumber="362">
	<title>Eating out</title>
	<description>El juego “Eating out” fue diseñado para enseñar y evaluar a los estudiantes en el vocabulario relacionado con ir a cenar con un amigo angloparlante en una ciudad de habla inglesa. 
El jugador se ve representado como un personaje dentro del juego (también denominado avatar) que, junto con una amiga, decide salir a cenar. Deberán elegir el restaurante, lidiar con problemas en la mesa, pedir la comida y sugerir mejoras al chef. En todo el proceso el jugador tendrá que obtener la información y la interacción correcta será principalmente mediante la selección adecuada de las palabras o frases correctas en las conversaciones que van teniendo lugar, así como la superación de retos en forma de mini-juegos.</description>
	<invalid/>
	<configuration defaultClickAction="showActions" dragBehaviour="ignoreNonTargets" keepShowing="yes" keyboard-navigation="disabled" perspective="regular">
		<gui inventoryPosition="none" type="contextual">
			<cursors>
				<cursor type="exit" uri="gui/cursors/action_cursor.png"/>
				<cursor type="default" uri="gui/cursors/default_cursor.png"/>
				<cursor type="action" uri="gui/cursors/action_cursor.png"/>
				<cursor type="over" uri="gui/cursors/action_cursor.png"/>
			</cursors>
			<buttons>
				<button action="talk" type="normal" uri="gui/buttons/btnMouth.png"/>
				<button action="talk" type="highlighted" uri="gui/buttons/btnMouthHighlighted.png"/>
				<button action="examine" type="normal" uri="gui/buttons/btnEye.png"/>
				<button action="examine" type="highlighted" uri="gui/buttons/btnEyeHighlighted.png"/>
				<button action="use" type="normal" uri="gui/buttons/btnHand.png"/>
				<button action="use" type="highlighted" uri="gui/buttons/btnHandHighlighted.png"/>
				<button action="grab" type="normal" uri="gui/buttons/btnHand.png"/>
				<button action="grab" type="highlighted" uri="gui/buttons/btnHandHighlighted.png"/>
				<button action="give-to" type="normal" uri="gui/buttons/btnHand.png"/>
				<button action="give-to" type="highlighted" uri="gui/buttons/btnHandHighlighted.png"/>
				<button action="use-with" type="normal" uri="gui/buttons/btnHand.png"/>
				<button action="use-with" type="highlighted" uri="gui/buttons/btnHandHighlighted.png"/>
			</buttons>
		</gui>
		<mode playerTransparent="no"/>
		<graphics mode="windowed"/>
	</configuration>
	<contents>
		<chapter path="chapter1.xml">
			<title>Eating out</title>
			<description>El juego “Eating out” fue diseñado para enseñar y evaluar a los estudiantes en el vocabulario relacionado con ir a cenar con un amigo angloparlante en una ciudad de habla inglesa. 
El jugador se ve representado como un personaje dentro del juego (también denominado avatar) que, junto con una amiga, decide salir a cenar. Deberán elegir el restaurante, lidiar con problemas en la mesa, pedir la comida y sugerir mejoras al chef. En todo el proceso el jugador tendrá que obtener la información y la interacción correcta será principalmente mediante la selección adecuada de las palabras o frases correctas en las conversaciones que van teniendo lugar, así como la superación de retos en forma de mini-juegos.</description>
		</chapter>
	</contents>
</game-descriptor>