<?xml version="1.0" encoding="UTF-8" standalone="no"?>
<!DOCTYPE properties SYSTEM "http://java.sun.com/dtd/properties.dtd">
<properties>
<comment>Project Configuration</comment>
<entry key="Chapter0.Restaurant.Y">504</entry>
<entry key="Chapter0.MiniRecipe.Visible">true</entry>
<entry key="Chapter0.HouseKitchen.Visible">true</entry>
<entry key="Chapter0.Restaurant.X">725</entry>
<entry key="Chapter0.Minijuego-KindsOfRestaurants.Y">209</entry>
<entry key="Chapter0.Minijuego-KindsOfRestaurants.X">749</entry>
<entry key="Chapter0.Restaurant.Visible">true</entry>
<entry key="Chapter0.MiniBad-Stuff.Visible">true</entry>
<entry key="Chapter0.Minijuego-Menu-FirstPart.Visible">true</entry>
<entry key="Chapter0.Minijuego-Menu-FirstPart.Y">322</entry>
<entry key="Chapter0.Minijuego-Clippings.Y">574</entry>
<entry key="Chapter0.Minijuego-Menu-FirstPart.X">483</entry>
<entry key="Chapter0.Minijuego-Clippings.X">527</entry>
<entry key="autosave">yes</entry>
<entry key="Chapter0.LivingRoom.Y">139</entry>
<entry key="Chapter0.HouseKitchen.Y">29</entry>
<entry key="Chapter0.Minijuego-KindsOfRestaurants.Visible">true</entry>
<entry key="Chapter0.HouseKitchen.X">39</entry>
<entry key="Chapter0.LivingRoom.X">239</entry>
<entry key="Chapter0.StartScreen.Visible">true</entry>
<entry key="Chapter0.StartScreen.Y">540</entry>
<entry key="Chapter0.StartScreen.X">492</entry>
<entry key="Chapter0.MiniRecipe.Y">283</entry>
<entry key="Chapter0.MiniRecipe.X">47</entry>
<entry key="Chapter0.MiniBad-Stuff.Y">290</entry>
<entry key="Chapter0.LivingRoom.Visible">true</entry>
<entry key="Chapter0.MiniBad-Stuff.X">328</entry>
<entry key="Chapter0.Minijuego-Menu-SecondPart.Y">518</entry>
<entry key="Chapter0.Minijuego-Menu-SecondPart.X">270</entry>
<entry key="Chapter0.Minijuego-Menu-SecondPart.Visible">true</entry>
<entry key="Chapter0.Minijuego-Clippings.Visible">true</entry>
</properties>
